reviewId;score;creationDate;userId;movieId
;4.5;2002-08-22;900667305;4787f420-1a8d-39a3-b57b-d8c7bb11796b
;3.0;2002-09-17;900608936;e517727b-63d5-3351-94e8-20c900fa0cca
;5.0;2003-06-11;900667305;f3b83be1-931e-3f5e-91ab-9c1148d6c0e6
;4.5;2003-11-01;900608021;e517727b-63d5-3351-94e8-20c900fa0cca
;4.0;2003-11-03;900623195;f3b83be1-931e-3f5e-91ab-9c1148d6c0e6
;4.0;2003-11-04;900592893;f3b83be1-931e-3f5e-91ab-9c1148d6c0e6
;4.5;2003-11-04;900597782;f3b83be1-931e-3f5e-91ab-9c1148d6c0e6
;4.5;2003-11-04;900589348;f3b83be1-931e-3f5e-91ab-9c1148d6c0e6
;5.0;2003-11-04;900639745;f3b83be1-931e-3f5e-91ab-9c1148d6c0e6
;4.0;2003-11-04;900622825;f3b83be1-931e-3f5e-91ab-9c1148d6c0e6
;5.0;2003-11-04;900601323;f3b83be1-931e-3f5e-91ab-9c1148d6c0e6
;4.5;2003-11-05;900602167;f3b83be1-931e-3f5e-91ab-9c1148d6c0e6
;4.0;2003-11-05;900658712;f3b83be1-931e-3f5e-91ab-9c1148d6c0e6
;5.0;2003-11-05;900611265;f3b83be1-931e-3f5e-91ab-9c1148d6c0e6
;4.0;2003-11-05;900637620;f3b83be1-931e-3f5e-91ab-9c1148d6c0e6
;3.5;2003-11-06;900594343;f3b83be1-931e-3f5e-91ab-9c1148d6c0e6
;4.5;2003-11-06;900624941;f3b83be1-931e-3f5e-91ab-9c1148d6c0e6
;5.0;2003-11-06;900588595;f3b83be1-931e-3f5e-91ab-9c1148d6c0e6
;4.5;2003-11-07;900623825;f3b83be1-931e-3f5e-91ab-9c1148d6c0e6
;4.5;2003-11-07;900618376;f3b83be1-931e-3f5e-91ab-9c1148d6c0e6
;4.0;2003-11-08;900633762;f3b83be1-931e-3f5e-91ab-9c1148d6c0e6
;4.5;2003-11-09;900613083;f3b83be1-931e-3f5e-91ab-9c1148d6c0e6
;4.0;2003-11-09;900654782;f3b83be1-931e-3f5e-91ab-9c1148d6c0e6
;5.0;2003-11-10;900637168;f3b83be1-931e-3f5e-91ab-9c1148d6c0e6
;5.0;2003-11-10;900594769;f3b83be1-931e-3f5e-91ab-9c1148d6c0e6
;3.5;2003-11-10;900659533;f3b83be1-931e-3f5e-91ab-9c1148d6c0e6
;5.0;2003-11-11;900646404;f3b83be1-931e-3f5e-91ab-9c1148d6c0e6
;5.0;2003-11-13;900611021;f3b83be1-931e-3f5e-91ab-9c1148d6c0e6
;5.0;2003-11-13;900619196;f3b83be1-931e-3f5e-91ab-9c1148d6c0e6
;5.0;2003-11-13;900613631;f3b83be1-931e-3f5e-91ab-9c1148d6c0e6
;3.5;2003-11-14;900588683;f3b83be1-931e-3f5e-91ab-9c1148d6c0e6
;5.0;2003-11-15;900615085;f3b83be1-931e-3f5e-91ab-9c1148d6c0e6
;5.0;2003-11-16;900600604;f3b83be1-931e-3f5e-91ab-9c1148d6c0e6
;2.0;2003-11-18;900606397;f3b83be1-931e-3f5e-91ab-9c1148d6c0e6
;5.0;2003-11-18;900659025;f3b83be1-931e-3f5e-91ab-9c1148d6c0e6
;4.5;2003-11-18;900596771;f3b83be1-931e-3f5e-91ab-9c1148d6c0e6
;5.0;2003-11-19;900663090;f3b83be1-931e-3f5e-91ab-9c1148d6c0e6
;4.5;2003-11-26;900599624;f3b83be1-931e-3f5e-91ab-9c1148d6c0e6
;5.0;2003-11-27;900620354;f3b83be1-931e-3f5e-91ab-9c1148d6c0e6
;3.0;2003-12-01;900663601;f3b83be1-931e-3f5e-91ab-9c1148d6c0e6
;4.5;2003-12-06;900670240;f3b83be1-931e-3f5e-91ab-9c1148d6c0e6
;4.0;2003-12-08;900595820;f3b83be1-931e-3f5e-91ab-9c1148d6c0e6
;5.0;2003-12-09;900666494;f3b83be1-931e-3f5e-91ab-9c1148d6c0e6
;4.0;2003-12-13;900616361;f3b83be1-931e-3f5e-91ab-9c1148d6c0e6
;4.5;2003-12-15;900667438;f3b83be1-931e-3f5e-91ab-9c1148d6c0e6
;4.5;2003-12-16;900668017;f3b83be1-931e-3f5e-91ab-9c1148d6c0e6
;3.0;2003-12-17;900626570;f3b83be1-931e-3f5e-91ab-9c1148d6c0e6
;4.5;2003-12-17;900668536;f3b83be1-931e-3f5e-91ab-9c1148d6c0e6
;5.0;2003-12-22;900662735;f3b83be1-931e-3f5e-91ab-9c1148d6c0e6
6792fe11-fcc7-45a1-b985-69bebc754d05;3.5;2003-12-30;900670311;f3b83be1-931e-3f5e-91ab-9c1148d6c0e6
;4.0;2004-01-01;900589999;f3b83be1-931e-3f5e-91ab-9c1148d6c0e6
;5.0;2004-01-02;900669042;f3b83be1-931e-3f5e-91ab-9c1148d6c0e6
;3.5;2004-01-02;900671722;f3b83be1-931e-3f5e-91ab-9c1148d6c0e6
;5.0;2004-01-03;900671656;f3b83be1-931e-3f5e-91ab-9c1148d6c0e6
;4.0;2004-01-07;900637774;f3b83be1-931e-3f5e-91ab-9c1148d6c0e6
;4.5;2004-01-11;900673375;f3b83be1-931e-3f5e-91ab-9c1148d6c0e6
;3.5;2004-01-12;900665601;f3b83be1-931e-3f5e-91ab-9c1148d6c0e6
;4.0;2004-01-14;900668415;f3b83be1-931e-3f5e-91ab-9c1148d6c0e6
;4.5;2004-01-15;900663055;f3b83be1-931e-3f5e-91ab-9c1148d6c0e6
;4.5;2004-01-17;900623636;e517727b-63d5-3351-94e8-20c900fa0cca
;5.0;2004-01-17;900674153;f3b83be1-931e-3f5e-91ab-9c1148d6c0e6
;3.5;2004-01-17;900605357;f3b83be1-931e-3f5e-91ab-9c1148d6c0e6
;4.5;2004-01-18;900675038;f3b83be1-931e-3f5e-91ab-9c1148d6c0e6
;4.5;2004-01-18;900605668;f3b83be1-931e-3f5e-91ab-9c1148d6c0e6
;4.5;2004-01-19;900635510;e517727b-63d5-3351-94e8-20c900fa0cca
;4.5;2004-01-20;900592297;f3b83be1-931e-3f5e-91ab-9c1148d6c0e6
;4.5;2004-01-20;904358589;f3b83be1-931e-3f5e-91ab-9c1148d6c0e6
;5.0;2004-01-21;900675182;f3b83be1-931e-3f5e-91ab-9c1148d6c0e6
;4.0;2004-01-22;900673214;f3b83be1-931e-3f5e-91ab-9c1148d6c0e6
;4.5;2004-01-24;900677013;f3b83be1-931e-3f5e-91ab-9c1148d6c0e6
;5.0;2004-01-25;900677288;e517727b-63d5-3351-94e8-20c900fa0cca
;1.5;2004-01-26;900660336;f3b83be1-931e-3f5e-91ab-9c1148d6c0e6
;5.0;2004-02-04;900680077;f3b83be1-931e-3f5e-91ab-9c1148d6c0e6
;5.0;2004-02-08;900628734;f3b83be1-931e-3f5e-91ab-9c1148d6c0e6
;4.5;2004-02-09;900621929;f3b83be1-931e-3f5e-91ab-9c1148d6c0e6
;5.0;2004-02-16;900680712;e517727b-63d5-3351-94e8-20c900fa0cca
;3.5;2004-02-16;900683843;f3b83be1-931e-3f5e-91ab-9c1148d6c0e6
;4.0;2004-02-17;900665601;6bacd7ec-76c9-3f40-b69a-cde708c3ac01
;5.0;2004-02-18;900674637;f3b83be1-931e-3f5e-91ab-9c1148d6c0e6
;5.0;2004-02-21;900670656;4787f420-1a8d-39a3-b57b-d8c7bb11796b
;5.0;2004-02-21;900670656;e517727b-63d5-3351-94e8-20c900fa0cca
;4.5;2004-03-04;900647209;f3b83be1-931e-3f5e-91ab-9c1148d6c0e6
;5.0;2004-03-05;900689389;f3b83be1-931e-3f5e-91ab-9c1148d6c0e6
;5.0;2004-03-08;900685225;f3b83be1-931e-3f5e-91ab-9c1148d6c0e6
;5.0;2004-03-09;900690454;f3b83be1-931e-3f5e-91ab-9c1148d6c0e6
;4.5;2004-03-10;900686062;f3b83be1-931e-3f5e-91ab-9c1148d6c0e6
;1.0;2004-03-12;900691218;f3b83be1-931e-3f5e-91ab-9c1148d6c0e6
;4.5;2004-03-13;900592338;f3b83be1-931e-3f5e-91ab-9c1148d6c0e6
;3.0;2004-03-22;900665496;4787f420-1a8d-39a3-b57b-d8c7bb11796b
;4.5;2004-03-22;900608276;f3b83be1-931e-3f5e-91ab-9c1148d6c0e6
;3.5;2004-03-23;900665601;4787f420-1a8d-39a3-b57b-d8c7bb11796b
;5.0;2004-03-28;900694176;f3b83be1-931e-3f5e-91ab-9c1148d6c0e6
;5.0;2004-04-02;900628183;f3b83be1-931e-3f5e-91ab-9c1148d6c0e6
;5.0;2004-04-03;900676998;f3b83be1-931e-3f5e-91ab-9c1148d6c0e6
;4.5;2004-04-04;900684666;e517727b-63d5-3351-94e8-20c900fa0cca
;4.0;2004-04-05;900603489;f3b83be1-931e-3f5e-91ab-9c1148d6c0e6
;4.0;2004-04-12;900680429;f3b83be1-931e-3f5e-91ab-9c1148d6c0e6
;0.5;2004-04-17;900614599;f3b83be1-931e-3f5e-91ab-9c1148d6c0e6
;4.5;2004-04-19;900699811;f3b83be1-931e-3f5e-91ab-9c1148d6c0e6
;3.5;2004-04-23;900594803;f3b83be1-931e-3f5e-91ab-9c1148d6c0e6
;4.0;2004-04-25;900633283;48f742e7-d657-38bc-ad26-ff9e52e79073
;4.5;2004-04-25;900633283;6bacd7ec-76c9-3f40-b69a-cde708c3ac01
;4.0;2004-04-25;900633283;e517727b-63d5-3351-94e8-20c900fa0cca
;4.5;2004-04-26;900692911;f3b83be1-931e-3f5e-91ab-9c1148d6c0e6
;4.5;2004-05-04;900698716;48f742e7-d657-38bc-ad26-ff9e52e79073
;4.5;2004-05-05;900679824;4787f420-1a8d-39a3-b57b-d8c7bb11796b
;3.5;2004-05-06;900698262;f3b83be1-931e-3f5e-91ab-9c1148d6c0e6
;5.0;2004-05-07;900679824;48f742e7-d657-38bc-ad26-ff9e52e79073
;5.0;2004-05-07;900679824;6bacd7ec-76c9-3f40-b69a-cde708c3ac01
;5.0;2004-05-08;900705332;f3b83be1-931e-3f5e-91ab-9c1148d6c0e6
;1.5;2004-05-10;900705580;6bacd7ec-76c9-3f40-b69a-cde708c3ac01
;5.0;2004-05-13;900676832;f3b83be1-931e-3f5e-91ab-9c1148d6c0e6
;5.0;2004-05-18;900597782;48f742e7-d657-38bc-ad26-ff9e52e79073
;4.5;2004-05-20;900676832;e517727b-63d5-3351-94e8-20c900fa0cca
10afd457-137a-4469-86cb-bf7cc3ea6e28;4.0;2004-05-22;900707985;f3b83be1-931e-3f5e-91ab-9c1148d6c0e6
;5.0;2004-05-26;900616345;f3b83be1-931e-3f5e-91ab-9c1148d6c0e6
;5.0;2004-05-28;900712145;6bacd7ec-76c9-3f40-b69a-cde708c3ac01
;5.0;2004-05-28;900666968;f3b83be1-931e-3f5e-91ab-9c1148d6c0e6
;5.0;2004-06-03;900673917;f3b83be1-931e-3f5e-91ab-9c1148d6c0e6
;3.5;2004-06-05;900714788;f3b83be1-931e-3f5e-91ab-9c1148d6c0e6
;5.0;2004-06-07;900721020;e517727b-63d5-3351-94e8-20c900fa0cca
;5.0;2004-06-08;900721020;48f742e7-d657-38bc-ad26-ff9e52e79073
;5.0;2004-06-08;900721020;6bacd7ec-76c9-3f40-b69a-cde708c3ac01
;5.0;2004-06-11;900689011;4787f420-1a8d-39a3-b57b-d8c7bb11796b
;5.0;2004-06-13;900654956;48f742e7-d657-38bc-ad26-ff9e52e79073
;5.0;2004-06-13;900700288;f3b83be1-931e-3f5e-91ab-9c1148d6c0e6
;5.0;2004-06-19;900685348;f3b83be1-931e-3f5e-91ab-9c1148d6c0e6
;4.0;2004-06-22;900637749;f3b83be1-931e-3f5e-91ab-9c1148d6c0e6
;4.5;2004-06-23;900670701;e517727b-63d5-3351-94e8-20c900fa0cca
;5.0;2004-06-26;900705768;f3b83be1-931e-3f5e-91ab-9c1148d6c0e6
;5.0;2004-06-27;900730500;f3b83be1-931e-3f5e-91ab-9c1148d6c0e6
;4.5;2004-06-28;900729913;f3b83be1-931e-3f5e-91ab-9c1148d6c0e6
;4.5;2004-06-30;900637649;e517727b-63d5-3351-94e8-20c900fa0cca
;5.0;2004-06-30;900597851;f3b83be1-931e-3f5e-91ab-9c1148d6c0e6
;4.5;2004-06-30;900729760;f3b83be1-931e-3f5e-91ab-9c1148d6c0e6
;4.5;2004-07-01;900723977;f3b83be1-931e-3f5e-91ab-9c1148d6c0e6
;4.0;2004-07-02;900730972;4787f420-1a8d-39a3-b57b-d8c7bb11796b
;5.0;2004-07-02;900730972;48f742e7-d657-38bc-ad26-ff9e52e79073
;5.0;2004-07-02;900730972;6bacd7ec-76c9-3f40-b69a-cde708c3ac01
;5.0;2004-07-02;900730972;e517727b-63d5-3351-94e8-20c900fa0cca
;5.0;2004-07-02;900730972;f3b83be1-931e-3f5e-91ab-9c1148d6c0e6
;4.5;2004-07-06;900684961;f3b83be1-931e-3f5e-91ab-9c1148d6c0e6
;5.0;2004-07-07;900731696;f3b83be1-931e-3f5e-91ab-9c1148d6c0e6
;5.0;2004-07-13;900625891;6bacd7ec-76c9-3f40-b69a-cde708c3ac01
;4.5;2004-07-18;900731700;f3b83be1-931e-3f5e-91ab-9c1148d6c0e6
;3.0;2004-07-22;900734662;48f742e7-d657-38bc-ad26-ff9e52e79073
;5.0;2004-07-22;900700030;6bacd7ec-76c9-3f40-b69a-cde708c3ac01
;4.5;2004-07-23;900731695;f3b83be1-931e-3f5e-91ab-9c1148d6c0e6
;5.0;2004-07-25;900733556;f3b83be1-931e-3f5e-91ab-9c1148d6c0e6
;4.5;2004-07-25;900734696;f3b83be1-931e-3f5e-91ab-9c1148d6c0e6
;4.5;2004-08-02;900593486;48f742e7-d657-38bc-ad26-ff9e52e79073
;4.5;2004-08-03;900736792;f3b83be1-931e-3f5e-91ab-9c1148d6c0e6
;5.0;2004-08-07;900593486;6bacd7ec-76c9-3f40-b69a-cde708c3ac01
;4.5;2004-08-10;900732110;f3b83be1-931e-3f5e-91ab-9c1148d6c0e6
;4.0;2004-08-12;900605357;4787f420-1a8d-39a3-b57b-d8c7bb11796b
;4.5;2004-08-12;900732110;48f742e7-d657-38bc-ad26-ff9e52e79073
;4.5;2004-08-12;900732110;6bacd7ec-76c9-3f40-b69a-cde708c3ac01
;4.5;2004-08-12;900732110;e517727b-63d5-3351-94e8-20c900fa0cca
;4.5;2004-08-18;900699725;48f742e7-d657-38bc-ad26-ff9e52e79073
;4.5;2004-08-20;900699725;6bacd7ec-76c9-3f40-b69a-cde708c3ac01
;3.5;2004-09-01;900666405;f3b83be1-931e-3f5e-91ab-9c1148d6c0e6
;4.0;2004-09-06;900742417;6bacd7ec-76c9-3f40-b69a-cde708c3ac01
;4.0;2004-09-06;900742417;f3b83be1-931e-3f5e-91ab-9c1148d6c0e6
;5.0;2004-09-10;900638434;f3b83be1-931e-3f5e-91ab-9c1148d6c0e6
;4.5;2004-09-11;900744717;e517727b-63d5-3351-94e8-20c900fa0cca
;5.0;2004-09-12;900742422;6bacd7ec-76c9-3f40-b69a-cde708c3ac01
;5.0;2004-09-12;900742422;e517727b-63d5-3351-94e8-20c900fa0cca
;5.0;2004-09-12;900742422;f3b83be1-931e-3f5e-91ab-9c1148d6c0e6
;5.0;2004-09-19;900611021;4787f420-1a8d-39a3-b57b-d8c7bb11796b
;4.5;2004-09-24;900605357;48f742e7-d657-38bc-ad26-ff9e52e79073
;4.5;2004-10-02;900605357;6bacd7ec-76c9-3f40-b69a-cde708c3ac01
;5.0;2004-10-02;900744953;9ddacc49-1918-3722-b5d9-4a1fa6b9b2a3
;5.0;2004-10-03;900740088;f3b83be1-931e-3f5e-91ab-9c1148d6c0e6
;4.5;2004-10-07;900690322;f3b83be1-931e-3f5e-91ab-9c1148d6c0e6
;3.5;2004-10-08;900746329;48f742e7-d657-38bc-ad26-ff9e52e79073
;3.5;2004-10-08;900746329;6bacd7ec-76c9-3f40-b69a-cde708c3ac01
;3.5;2004-10-08;900746329;e517727b-63d5-3351-94e8-20c900fa0cca
;5.0;2004-10-10;900747528;9ddacc49-1918-3722-b5d9-4a1fa6b9b2a3
;4.5;2004-10-12;900709128;e517727b-63d5-3351-94e8-20c900fa0cca
;5.0;2004-10-13;900588511;9ddacc49-1918-3722-b5d9-4a1fa6b9b2a3
;4.0;2004-10-14;900601812;f3b83be1-931e-3f5e-91ab-9c1148d6c0e6
;4.5;2004-10-16;900588579;9ddacc49-1918-3722-b5d9-4a1fa6b9b2a3
;5.0;2004-10-18;900617041;9ddacc49-1918-3722-b5d9-4a1fa6b9b2a3
;5.0;2004-10-20;900742015;f3b83be1-931e-3f5e-91ab-9c1148d6c0e6
;5.0;2004-10-21;900702671;f3b83be1-931e-3f5e-91ab-9c1148d6c0e6
;5.0;2004-10-23;900748737;f3b83be1-931e-3f5e-91ab-9c1148d6c0e6
;4.5;2004-10-25;900748211;e517727b-63d5-3351-94e8-20c900fa0cca
;4.0;2004-10-26;900617520;9ddacc49-1918-3722-b5d9-4a1fa6b9b2a3
;4.5;2004-10-27;900659533;9ddacc49-1918-3722-b5d9-4a1fa6b9b2a3
;4.0;2004-11-04;900601812;9ddacc49-1918-3722-b5d9-4a1fa6b9b2a3
;4.5;2004-11-04;900603489;9ddacc49-1918-3722-b5d9-4a1fa6b9b2a3
;4.0;2004-11-04;900683633;9ddacc49-1918-3722-b5d9-4a1fa6b9b2a3
;4.0;2004-11-05;900744812;4787f420-1a8d-39a3-b57b-d8c7bb11796b
;4.5;2004-11-05;900669856;9ddacc49-1918-3722-b5d9-4a1fa6b9b2a3
;2.5;2004-11-05;900635214;9ddacc49-1918-3722-b5d9-4a1fa6b9b2a3
;4.0;2004-11-05;900674723;9ddacc49-1918-3722-b5d9-4a1fa6b9b2a3
;5.0;2004-11-05;900743177;9ddacc49-1918-3722-b5d9-4a1fa6b9b2a3
;5.0;2004-11-05;900693994;9ddacc49-1918-3722-b5d9-4a1fa6b9b2a3
;4.5;2004-11-05;900621008;9ddacc49-1918-3722-b5d9-4a1fa6b9b2a3
;5.0;2004-11-05;900741033;9ddacc49-1918-3722-b5d9-4a1fa6b9b2a3
;4.5;2004-11-05;900630520;9ddacc49-1918-3722-b5d9-4a1fa6b9b2a3
;3.5;2004-11-05;900621574;9ddacc49-1918-3722-b5d9-4a1fa6b9b2a3
;4.5;2004-11-05;900640422;9ddacc49-1918-3722-b5d9-4a1fa6b9b2a3
;4.0;2004-11-05;900687654;9ddacc49-1918-3722-b5d9-4a1fa6b9b2a3
;5.0;2004-11-06;900750947;9ddacc49-1918-3722-b5d9-4a1fa6b9b2a3
;4.5;2004-11-06;900682740;9ddacc49-1918-3722-b5d9-4a1fa6b9b2a3
;4.5;2004-11-06;900744294;9ddacc49-1918-3722-b5d9-4a1fa6b9b2a3
;5.0;2004-11-06;900594269;9ddacc49-1918-3722-b5d9-4a1fa6b9b2a3
;5.0;2004-11-06;900731499;9ddacc49-1918-3722-b5d9-4a1fa6b9b2a3
;4.5;2004-11-06;900680712;9ddacc49-1918-3722-b5d9-4a1fa6b9b2a3
;5.0;2004-11-06;900751139;9ddacc49-1918-3722-b5d9-4a1fa6b9b2a3
;4.5;2004-11-06;900745988;9ddacc49-1918-3722-b5d9-4a1fa6b9b2a3
;4.5;2004-11-06;900741729;9ddacc49-1918-3722-b5d9-4a1fa6b9b2a3
;4.5;2004-11-06;900667767;9ddacc49-1918-3722-b5d9-4a1fa6b9b2a3
;5.0;2004-11-06;900622385;9ddacc49-1918-3722-b5d9-4a1fa6b9b2a3
;5.0;2004-11-06;900720899;9ddacc49-1918-3722-b5d9-4a1fa6b9b2a3
;5.0;2004-11-06;900751298;9ddacc49-1918-3722-b5d9-4a1fa6b9b2a3
;4.5;2004-11-06;900749923;9ddacc49-1918-3722-b5d9-4a1fa6b9b2a3
;5.0;2004-11-06;900604656;9ddacc49-1918-3722-b5d9-4a1fa6b9b2a3
;4.0;2004-11-06;900659519;9ddacc49-1918-3722-b5d9-4a1fa6b9b2a3
;4.5;2004-11-06;900595998;9ddacc49-1918-3722-b5d9-4a1fa6b9b2a3
;1.5;2004-11-06;900751405;9ddacc49-1918-3722-b5d9-4a1fa6b9b2a3
;4.5;2004-11-06;900673739;9ddacc49-1918-3722-b5d9-4a1fa6b9b2a3
;4.5;2004-11-06;900746952;9ddacc49-1918-3722-b5d9-4a1fa6b9b2a3
;5.0;2004-11-06;900612371;9ddacc49-1918-3722-b5d9-4a1fa6b9b2a3
;4.5;2004-11-06;900667747;f3b83be1-931e-3f5e-91ab-9c1148d6c0e6
;5.0;2004-11-07;900750315;9ddacc49-1918-3722-b5d9-4a1fa6b9b2a3
;3.5;2004-11-07;900701017;9ddacc49-1918-3722-b5d9-4a1fa6b9b2a3
;3.5;2004-11-07;900602477;9ddacc49-1918-3722-b5d9-4a1fa6b9b2a3
;5.0;2004-11-07;900746329;9ddacc49-1918-3722-b5d9-4a1fa6b9b2a3
;5.0;2004-11-07;900618376;9ddacc49-1918-3722-b5d9-4a1fa6b9b2a3
;5.0;2004-11-07;900739473;9ddacc49-1918-3722-b5d9-4a1fa6b9b2a3
;3.0;2004-11-07;900725718;9ddacc49-1918-3722-b5d9-4a1fa6b9b2a3
;5.0;2004-11-07;900738309;9ddacc49-1918-3722-b5d9-4a1fa6b9b2a3
;5.0;2004-11-07;900641488;9ddacc49-1918-3722-b5d9-4a1fa6b9b2a3
;3.5;2004-11-07;900670656;9ddacc49-1918-3722-b5d9-4a1fa6b9b2a3
;4.5;2004-11-07;900635510;9ddacc49-1918-3722-b5d9-4a1fa6b9b2a3
;4.5;2004-11-07;900628197;9ddacc49-1918-3722-b5d9-4a1fa6b9b2a3
;5.0;2004-11-07;900590254;9ddacc49-1918-3722-b5d9-4a1fa6b9b2a3
;4.5;2004-11-07;900742184;9ddacc49-1918-3722-b5d9-4a1fa6b9b2a3
;4.5;2004-11-07;900743364;9ddacc49-1918-3722-b5d9-4a1fa6b9b2a3
;4.5;2004-11-07;900667305;9ddacc49-1918-3722-b5d9-4a1fa6b9b2a3
;5.0;2004-11-07;900741522;9ddacc49-1918-3722-b5d9-4a1fa6b9b2a3
;4.5;2004-11-07;900690988;9ddacc49-1918-3722-b5d9-4a1fa6b9b2a3
;3.0;2004-11-07;900688184;9ddacc49-1918-3722-b5d9-4a1fa6b9b2a3
;4.5;2004-11-07;900635510;f3b83be1-931e-3f5e-91ab-9c1148d6c0e6
;4.5;2004-11-08;900687997;9ddacc49-1918-3722-b5d9-4a1fa6b9b2a3
;5.0;2004-11-08;900592652;9ddacc49-1918-3722-b5d9-4a1fa6b9b2a3
;4.5;2004-11-08;900645941;9ddacc49-1918-3722-b5d9-4a1fa6b9b2a3
;4.5;2004-11-08;900645581;9ddacc49-1918-3722-b5d9-4a1fa6b9b2a3
;4.0;2004-11-08;900725448;9ddacc49-1918-3722-b5d9-4a1fa6b9b2a3
;5.0;2004-11-08;900751605;9ddacc49-1918-3722-b5d9-4a1fa6b9b2a3
;4.5;2004-11-08;900614478;9ddacc49-1918-3722-b5d9-4a1fa6b9b2a3
;4.5;2004-11-08;900669460;9ddacc49-1918-3722-b5d9-4a1fa6b9b2a3
;3.0;2004-11-08;900670972;9ddacc49-1918-3722-b5d9-4a1fa6b9b2a3
;5.0;2004-11-08;900634240;9ddacc49-1918-3722-b5d9-4a1fa6b9b2a3
;2.5;2004-11-08;900716807;9ddacc49-1918-3722-b5d9-4a1fa6b9b2a3
;5.0;2004-11-08;900659523;9ddacc49-1918-3722-b5d9-4a1fa6b9b2a3
;4.0;2004-11-08;900670833;9ddacc49-1918-3722-b5d9-4a1fa6b9b2a3
;4.0;2004-11-08;900612375;9ddacc49-1918-3722-b5d9-4a1fa6b9b2a3
;4.5;2004-11-08;900667305;e517727b-63d5-3351-94e8-20c900fa0cca
;5.0;2004-11-09;900716260;9ddacc49-1918-3722-b5d9-4a1fa6b9b2a3
;5.0;2004-11-09;900676609;9ddacc49-1918-3722-b5d9-4a1fa6b9b2a3
;4.0;2004-11-09;900668498;9ddacc49-1918-3722-b5d9-4a1fa6b9b2a3
;4.0;2004-11-09;900626302;9ddacc49-1918-3722-b5d9-4a1fa6b9b2a3
;3.0;2004-11-09;900741885;9ddacc49-1918-3722-b5d9-4a1fa6b9b2a3
;4.5;2004-11-09;900638405;9ddacc49-1918-3722-b5d9-4a1fa6b9b2a3
;5.0;2004-11-09;900686585;9ddacc49-1918-3722-b5d9-4a1fa6b9b2a3
;5.0;2004-11-09;900741154;9ddacc49-1918-3722-b5d9-4a1fa6b9b2a3
;0.5;2004-11-09;900752454;f3b83be1-931e-3f5e-91ab-9c1148d6c0e6
;5.0;2004-11-10;900682740;6bacd7ec-76c9-3f40-b69a-cde708c3ac01
;5.0;2004-11-10;900749700;9ddacc49-1918-3722-b5d9-4a1fa6b9b2a3
;4.5;2004-11-10;900646192;9ddacc49-1918-3722-b5d9-4a1fa6b9b2a3
;4.5;2004-11-10;900745565;9ddacc49-1918-3722-b5d9-4a1fa6b9b2a3
;4.5;2004-11-10;900728020;9ddacc49-1918-3722-b5d9-4a1fa6b9b2a3
;3.5;2004-11-10;900670022;9ddacc49-1918-3722-b5d9-4a1fa6b9b2a3
;4.0;2004-11-11;900747391;9ddacc49-1918-3722-b5d9-4a1fa6b9b2a3
;3.5;2004-11-11;900625297;9ddacc49-1918-3722-b5d9-4a1fa6b9b2a3
;4.5;2004-11-11;900729238;9ddacc49-1918-3722-b5d9-4a1fa6b9b2a3
;4.5;2004-11-11;900702034;9ddacc49-1918-3722-b5d9-4a1fa6b9b2a3
;5.0;2004-11-11;900752107;9ddacc49-1918-3722-b5d9-4a1fa6b9b2a3
;3.5;2004-11-11;900752118;9ddacc49-1918-3722-b5d9-4a1fa6b9b2a3
;5.0;2004-11-11;900677699;9ddacc49-1918-3722-b5d9-4a1fa6b9b2a3
;5.0;2004-11-11;900752157;9ddacc49-1918-3722-b5d9-4a1fa6b9b2a3
;4.0;2004-11-11;900752891;9ddacc49-1918-3722-b5d9-4a1fa6b9b2a3
;5.0;2004-11-11;900736494;9ddacc49-1918-3722-b5d9-4a1fa6b9b2a3
;4.5;2004-11-11;900610864;9ddacc49-1918-3722-b5d9-4a1fa6b9b2a3
;4.0;2004-11-11;900704927;9ddacc49-1918-3722-b5d9-4a1fa6b9b2a3
;4.0;2004-11-12;900748600;9ddacc49-1918-3722-b5d9-4a1fa6b9b2a3
;4.5;2004-11-12;900628396;9ddacc49-1918-3722-b5d9-4a1fa6b9b2a3
;4.5;2004-11-12;900588662;9ddacc49-1918-3722-b5d9-4a1fa6b9b2a3
;5.0;2004-11-12;900744774;9ddacc49-1918-3722-b5d9-4a1fa6b9b2a3
;4.0;2004-11-12;900689376;9ddacc49-1918-3722-b5d9-4a1fa6b9b2a3
;5.0;2004-11-12;900705692;9ddacc49-1918-3722-b5d9-4a1fa6b9b2a3
;4.0;2004-11-12;900699354;9ddacc49-1918-3722-b5d9-4a1fa6b9b2a3
;4.5;2004-11-12;900688371;9ddacc49-1918-3722-b5d9-4a1fa6b9b2a3
;4.5;2004-11-12;900626599;9ddacc49-1918-3722-b5d9-4a1fa6b9b2a3
;4.5;2004-11-12;900753061;9ddacc49-1918-3722-b5d9-4a1fa6b9b2a3
;3.5;2004-11-13;900703784;9ddacc49-1918-3722-b5d9-4a1fa6b9b2a3
;5.0;2004-11-13;900750318;9ddacc49-1918-3722-b5d9-4a1fa6b9b2a3
;4.0;2004-11-13;900752520;9ddacc49-1918-3722-b5d9-4a1fa6b9b2a3
;4.5;2004-11-13;900753235;9ddacc49-1918-3722-b5d9-4a1fa6b9b2a3
;4.0;2004-11-13;900752471;9ddacc49-1918-3722-b5d9-4a1fa6b9b2a3
;4.5;2004-11-13;900621021;9ddacc49-1918-3722-b5d9-4a1fa6b9b2a3
;4.5;2004-11-13;900720129;9ddacc49-1918-3722-b5d9-4a1fa6b9b2a3
;4.0;2004-11-13;900715240;9ddacc49-1918-3722-b5d9-4a1fa6b9b2a3
;4.5;2004-11-13;900598674;9ddacc49-1918-3722-b5d9-4a1fa6b9b2a3
;5.0;2004-11-14;900610705;9ddacc49-1918-3722-b5d9-4a1fa6b9b2a3
;5.0;2004-11-14;900738429;9ddacc49-1918-3722-b5d9-4a1fa6b9b2a3
;5.0;2004-11-14;900702770;9ddacc49-1918-3722-b5d9-4a1fa6b9b2a3
;2.5;2004-11-14;900747361;9ddacc49-1918-3722-b5d9-4a1fa6b9b2a3
;3.5;2004-11-14;900746740;9ddacc49-1918-3722-b5d9-4a1fa6b9b2a3
;4.5;2004-11-14;900743069;9ddacc49-1918-3722-b5d9-4a1fa6b9b2a3
;5.0;2004-11-14;900700288;9ddacc49-1918-3722-b5d9-4a1fa6b9b2a3
;3.5;2004-11-14;900707985;9ddacc49-1918-3722-b5d9-4a1fa6b9b2a3
;3.5;2004-11-14;900733528;9ddacc49-1918-3722-b5d9-4a1fa6b9b2a3
;4.5;2004-11-15;900591330;9ddacc49-1918-3722-b5d9-4a1fa6b9b2a3
;4.5;2004-11-15;900744720;9ddacc49-1918-3722-b5d9-4a1fa6b9b2a3
;4.0;2004-11-15;900743275;9ddacc49-1918-3722-b5d9-4a1fa6b9b2a3
;4.0;2004-11-15;900707712;9ddacc49-1918-3722-b5d9-4a1fa6b9b2a3
;4.5;2004-11-15;900616345;9ddacc49-1918-3722-b5d9-4a1fa6b9b2a3
;5.0;2004-11-15;900753497;9ddacc49-1918-3722-b5d9-4a1fa6b9b2a3
;5.0;2004-11-15;900685673;9ddacc49-1918-3722-b5d9-4a1fa6b9b2a3
;5.0;2004-11-15;900592936;9ddacc49-1918-3722-b5d9-4a1fa6b9b2a3
;5.0;2004-11-15;900753529;9ddacc49-1918-3722-b5d9-4a1fa6b9b2a3
;4.0;2004-11-16;900752508;48f742e7-d657-38bc-ad26-ff9e52e79073
;4.5;2004-11-16;900736143;9ddacc49-1918-3722-b5d9-4a1fa6b9b2a3
;4.5;2004-11-16;900730636;9ddacc49-1918-3722-b5d9-4a1fa6b9b2a3
;5.0;2004-11-16;900753716;9ddacc49-1918-3722-b5d9-4a1fa6b9b2a3
;5.0;2004-11-17;900594769;9ddacc49-1918-3722-b5d9-4a1fa6b9b2a3
;5.0;2004-11-17;900733556;9ddacc49-1918-3722-b5d9-4a1fa6b9b2a3
;4.0;2004-11-18;900748886;9ddacc49-1918-3722-b5d9-4a1fa6b9b2a3
;4.5;2004-11-18;900597782;9ddacc49-1918-3722-b5d9-4a1fa6b9b2a3
;4.5;2004-11-18;900698299;9ddacc49-1918-3722-b5d9-4a1fa6b9b2a3
;1.0;2004-11-18;900750487;9ddacc49-1918-3722-b5d9-4a1fa6b9b2a3
;4.0;2004-11-18;900695760;9ddacc49-1918-3722-b5d9-4a1fa6b9b2a3
;4.5;2004-11-19;900738909;9ddacc49-1918-3722-b5d9-4a1fa6b9b2a3
;3.0;2004-11-19;900750730;9ddacc49-1918-3722-b5d9-4a1fa6b9b2a3
;3.5;2004-11-19;900729680;9ddacc49-1918-3722-b5d9-4a1fa6b9b2a3
;4.0;2004-11-20;900753656;9ddacc49-1918-3722-b5d9-4a1fa6b9b2a3
;3.5;2004-11-20;900619604;9ddacc49-1918-3722-b5d9-4a1fa6b9b2a3
;4.0;2004-11-20;900753073;9ddacc49-1918-3722-b5d9-4a1fa6b9b2a3
;4.5;2004-11-20;900747796;9ddacc49-1918-3722-b5d9-4a1fa6b9b2a3
;4.0;2004-11-21;900671478;9ddacc49-1918-3722-b5d9-4a1fa6b9b2a3
;4.5;2004-11-21;900678660;9ddacc49-1918-3722-b5d9-4a1fa6b9b2a3
;4.5;2004-11-21;900610019;9ddacc49-1918-3722-b5d9-4a1fa6b9b2a3
;1.5;2004-11-21;2d73d913-d946-49ea-94df-8c6f6771c137;9ddacc49-1918-3722-b5d9-4a1fa6b9b2a3
;4.5;2004-11-21;900700775;e517727b-63d5-3351-94e8-20c900fa0cca
;4.5;2004-11-22;900629574;9ddacc49-1918-3722-b5d9-4a1fa6b9b2a3
;5.0;2004-11-22;900620077;9ddacc49-1918-3722-b5d9-4a1fa6b9b2a3
;4.5;2004-11-23;900754690;9ddacc49-1918-3722-b5d9-4a1fa6b9b2a3
;4.5;2004-11-23;00d88e14-c273-4a8d-a9e4-83402a52b5aa;9ddacc49-1918-3722-b5d9-4a1fa6b9b2a3
;4.0;2004-11-23;900681150;9ddacc49-1918-3722-b5d9-4a1fa6b9b2a3
;4.0;2004-11-24;900622420;9ddacc49-1918-3722-b5d9-4a1fa6b9b2a3
;4.0;2004-11-24;900631894;9ddacc49-1918-3722-b5d9-4a1fa6b9b2a3
;4.5;2004-11-24;900678598;9ddacc49-1918-3722-b5d9-4a1fa6b9b2a3
;4.0;2004-11-24;900737048;9ddacc49-1918-3722-b5d9-4a1fa6b9b2a3
;4.5;2004-11-24;900628183;9ddacc49-1918-3722-b5d9-4a1fa6b9b2a3
;2.5;2004-11-24;900689375;9ddacc49-1918-3722-b5d9-4a1fa6b9b2a3
;4.5;2004-11-25;900749749;9ddacc49-1918-3722-b5d9-4a1fa6b9b2a3
;4.0;2004-11-25;900754295;9ddacc49-1918-3722-b5d9-4a1fa6b9b2a3
;3.0;2004-11-25;786af060-da96-4d65-a7ed-29d7493c09a3;9ddacc49-1918-3722-b5d9-4a1fa6b9b2a3
;5.0;2004-11-26;900676998;9ddacc49-1918-3722-b5d9-4a1fa6b9b2a3
;4.5;2004-11-26;900754145;9ddacc49-1918-3722-b5d9-4a1fa6b9b2a3
;4.5;2004-11-26;900729913;9ddacc49-1918-3722-b5d9-4a1fa6b9b2a3
;4.5;2004-11-27;900665496;9ddacc49-1918-3722-b5d9-4a1fa6b9b2a3
;3.0;2004-11-27;900608794;9ddacc49-1918-3722-b5d9-4a1fa6b9b2a3
;5.0;2004-11-27;8e9fadc7-0671-4bfb-ac44-789b8b00a55e;9ddacc49-1918-3722-b5d9-4a1fa6b9b2a3
;4.0;2004-11-27;900649093;9ddacc49-1918-3722-b5d9-4a1fa6b9b2a3
;4.0;2004-11-27;900751075;9ddacc49-1918-3722-b5d9-4a1fa6b9b2a3
;3.5;2004-11-27;900733148;9ddacc49-1918-3722-b5d9-4a1fa6b9b2a3
;5.0;2004-11-27;900601007;9ddacc49-1918-3722-b5d9-4a1fa6b9b2a3
;4.5;2004-11-28;900605357;9ddacc49-1918-3722-b5d9-4a1fa6b9b2a3
;4.5;2004-11-28;900707815;9ddacc49-1918-3722-b5d9-4a1fa6b9b2a3
;3.5;2004-11-28;900597111;9ddacc49-1918-3722-b5d9-4a1fa6b9b2a3
;4.0;2004-11-28;900704168;9ddacc49-1918-3722-b5d9-4a1fa6b9b2a3
;3.5;2004-11-28;900667747;9ddacc49-1918-3722-b5d9-4a1fa6b9b2a3
;4.5;2004-11-28;900601405;9ddacc49-1918-3722-b5d9-4a1fa6b9b2a3
;4.0;2004-11-28;900589922;9ddacc49-1918-3722-b5d9-4a1fa6b9b2a3
;5.0;2004-11-28;900604867;9ddacc49-1918-3722-b5d9-4a1fa6b9b2a3
;5.0;2004-11-29;900754847;4787f420-1a8d-39a3-b57b-d8c7bb11796b
;3.0;2004-11-29;900754972;9ddacc49-1918-3722-b5d9-4a1fa6b9b2a3
;5.0;2004-11-29;900754799;9ddacc49-1918-3722-b5d9-4a1fa6b9b2a3
;4.0;2004-11-29;900754898;9ddacc49-1918-3722-b5d9-4a1fa6b9b2a3
;5.0;2004-11-29;900755688;9ddacc49-1918-3722-b5d9-4a1fa6b9b2a3
;4.5;2004-11-30;900659737;9ddacc49-1918-3722-b5d9-4a1fa6b9b2a3
;4.0;2004-11-30;900744413;9ddacc49-1918-3722-b5d9-4a1fa6b9b2a3
;5.0;2004-11-30;900755793;9ddacc49-1918-3722-b5d9-4a1fa6b9b2a3
;4.5;2004-12-01;900687479;9ddacc49-1918-3722-b5d9-4a1fa6b9b2a3
;4.5;2004-12-02;900754191;9ddacc49-1918-3722-b5d9-4a1fa6b9b2a3
;4.0;2004-12-02;900741260;9ddacc49-1918-3722-b5d9-4a1fa6b9b2a3
;5.0;2004-12-02;900756197;9ddacc49-1918-3722-b5d9-4a1fa6b9b2a3
;5.0;2004-12-03;900753792;9ddacc49-1918-3722-b5d9-4a1fa6b9b2a3
;5.0;2004-12-03;900602572;9ddacc49-1918-3722-b5d9-4a1fa6b9b2a3
;4.5;2004-12-03;900709735;9ddacc49-1918-3722-b5d9-4a1fa6b9b2a3
;4.5;2004-12-04;900750177;9ddacc49-1918-3722-b5d9-4a1fa6b9b2a3
;5.0;2004-12-05;900608754;9ddacc49-1918-3722-b5d9-4a1fa6b9b2a3
;3.5;2004-12-05;900770960;9ddacc49-1918-3722-b5d9-4a1fa6b9b2a3
;4.0;2004-12-06;900742772;9ddacc49-1918-3722-b5d9-4a1fa6b9b2a3
;4.0;2004-12-06;900725333;9ddacc49-1918-3722-b5d9-4a1fa6b9b2a3
;4.5;2004-12-07;900751596;9ddacc49-1918-3722-b5d9-4a1fa6b9b2a3
;3.5;2004-12-07;900709373;9ddacc49-1918-3722-b5d9-4a1fa6b9b2a3
;4.0;2004-12-08;900736210;9ddacc49-1918-3722-b5d9-4a1fa6b9b2a3
;2.0;2004-12-08;900756267;9ddacc49-1918-3722-b5d9-4a1fa6b9b2a3
;4.5;2004-12-09;900750719;9ddacc49-1918-3722-b5d9-4a1fa6b9b2a3
;4.5;2004-12-09;900756163;9ddacc49-1918-3722-b5d9-4a1fa6b9b2a3
;4.5;2004-12-09;900757319;9ddacc49-1918-3722-b5d9-4a1fa6b9b2a3
;3.5;2004-12-09;900656112;9ddacc49-1918-3722-b5d9-4a1fa6b9b2a3
;5.0;2004-12-10;900756848;9ddacc49-1918-3722-b5d9-4a1fa6b9b2a3
;5.0;2004-12-10;900742844;9ddacc49-1918-3722-b5d9-4a1fa6b9b2a3
;4.0;2004-12-11;900733136;9ddacc49-1918-3722-b5d9-4a1fa6b9b2a3
;5.0;2004-12-11;900613631;9ddacc49-1918-3722-b5d9-4a1fa6b9b2a3
;4.5;2004-12-12;900757788;9ddacc49-1918-3722-b5d9-4a1fa6b9b2a3
;4.5;2004-12-13;900637649;9ddacc49-1918-3722-b5d9-4a1fa6b9b2a3
;4.0;2004-12-13;900752177;9ddacc49-1918-3722-b5d9-4a1fa6b9b2a3
;4.0;2004-12-13;900757026;9ddacc49-1918-3722-b5d9-4a1fa6b9b2a3
;4.0;2004-12-14;900703200;9ddacc49-1918-3722-b5d9-4a1fa6b9b2a3
;4.5;2004-12-14;900748288;9ddacc49-1918-3722-b5d9-4a1fa6b9b2a3
;3.5;2004-12-17;900757384;9ddacc49-1918-3722-b5d9-4a1fa6b9b2a3
;4.0;2004-12-17;900741721;9ddacc49-1918-3722-b5d9-4a1fa6b9b2a3
;3.5;2004-12-17;900731593;9ddacc49-1918-3722-b5d9-4a1fa6b9b2a3
;4.0;2004-12-17;900752348;f3b83be1-931e-3f5e-91ab-9c1148d6c0e6
;4.5;2004-12-18;900694282;9ddacc49-1918-3722-b5d9-4a1fa6b9b2a3
;4.5;2004-12-18;900616304;9ddacc49-1918-3722-b5d9-4a1fa6b9b2a3
;3.5;2004-12-20;900662704;9ddacc49-1918-3722-b5d9-4a1fa6b9b2a3
;4.5;2004-12-22;900603367;9ddacc49-1918-3722-b5d9-4a1fa6b9b2a3
;5.0;2004-12-25;900702671;48f742e7-d657-38bc-ad26-ff9e52e79073
;2.5;2004-12-25;900612345;9ddacc49-1918-3722-b5d9-4a1fa6b9b2a3
;4.0;2004-12-27;900758658;9ddacc49-1918-3722-b5d9-4a1fa6b9b2a3
;4.5;2004-12-28;900758960;9ddacc49-1918-3722-b5d9-4a1fa6b9b2a3
;3.0;2004-12-28;900759619;9ddacc49-1918-3722-b5d9-4a1fa6b9b2a3
;3.0;2004-12-28;900759743;9ddacc49-1918-3722-b5d9-4a1fa6b9b2a3
;5.0;2004-12-29;900702671;9ddacc49-1918-3722-b5d9-4a1fa6b9b2a3
;5.0;2004-12-29;900664582;9ddacc49-1918-3722-b5d9-4a1fa6b9b2a3
;3.5;2004-12-30;900678684;9ddacc49-1918-3722-b5d9-4a1fa6b9b2a3
;4.5;2004-12-30;900701918;9ddacc49-1918-3722-b5d9-4a1fa6b9b2a3
;5.0;2005-01-01;900759288;9ddacc49-1918-3722-b5d9-4a1fa6b9b2a3
;4.0;2005-01-01;900748360;9ddacc49-1918-3722-b5d9-4a1fa6b9b2a3
;1.5;2005-01-01;900760188;f3b83be1-931e-3f5e-91ab-9c1148d6c0e6
;3.5;2005-01-03;900702168;9ddacc49-1918-3722-b5d9-4a1fa6b9b2a3
;5.0;2005-01-03;900759626;9ddacc49-1918-3722-b5d9-4a1fa6b9b2a3
;5.0;2005-01-03;900691990;9ddacc49-1918-3722-b5d9-4a1fa6b9b2a3
;5.0;2005-01-05;900759727;9ddacc49-1918-3722-b5d9-4a1fa6b9b2a3
;5.0;2005-01-06;900760291;f3b83be1-931e-3f5e-91ab-9c1148d6c0e6
;4.0;2005-01-07;900760239;9ddacc49-1918-3722-b5d9-4a1fa6b9b2a3
;4.0;2005-01-08;900760275;9ddacc49-1918-3722-b5d9-4a1fa6b9b2a3
;5.0;2005-01-12;900747053;9ddacc49-1918-3722-b5d9-4a1fa6b9b2a3
;5.0;2005-01-13;900601969;9ddacc49-1918-3722-b5d9-4a1fa6b9b2a3
;4.0;2005-01-16;900666405;9ddacc49-1918-3722-b5d9-4a1fa6b9b2a3
;5.0;2005-01-16;900730874;f3b83be1-931e-3f5e-91ab-9c1148d6c0e6
;5.0;2005-01-17;900761652;f3b83be1-931e-3f5e-91ab-9c1148d6c0e6
;3.5;2005-01-21;900621021;f3b83be1-931e-3f5e-91ab-9c1148d6c0e6
;2.5;2005-01-22;900762719;9ddacc49-1918-3722-b5d9-4a1fa6b9b2a3
;5.0;2005-01-24;900763552;9ddacc49-1918-3722-b5d9-4a1fa6b9b2a3
;5.0;2005-01-25;900612974;9ddacc49-1918-3722-b5d9-4a1fa6b9b2a3
;4.5;2005-01-25;900630960;9ddacc49-1918-3722-b5d9-4a1fa6b9b2a3
;4.5;2005-01-26;900616583;9ddacc49-1918-3722-b5d9-4a1fa6b9b2a3
;4.5;2005-01-26;900763062;9ddacc49-1918-3722-b5d9-4a1fa6b9b2a3
;5.0;2005-01-26;900763480;f3b83be1-931e-3f5e-91ab-9c1148d6c0e6
;3.5;2005-01-26;900758955;f3b83be1-931e-3f5e-91ab-9c1148d6c0e6
;4.5;2005-01-29;900764415;9ddacc49-1918-3722-b5d9-4a1fa6b9b2a3
;3.5;2005-01-30;900763547;f3b83be1-931e-3f5e-91ab-9c1148d6c0e6
;5.0;2005-02-02;900764393;6bacd7ec-76c9-3f40-b69a-cde708c3ac01
;4.5;2005-02-04;900763019;9ddacc49-1918-3722-b5d9-4a1fa6b9b2a3
;3.5;2005-02-05;900680429;4787f420-1a8d-39a3-b57b-d8c7bb11796b
;4.0;2005-02-05;900761995;f3b83be1-931e-3f5e-91ab-9c1148d6c0e6
;4.0;2005-02-06;900764493;48f742e7-d657-38bc-ad26-ff9e52e79073
;4.5;2005-02-06;900762498;9ddacc49-1918-3722-b5d9-4a1fa6b9b2a3
;4.5;2005-02-06;900662483;9ddacc49-1918-3722-b5d9-4a1fa6b9b2a3
;4.0;2005-02-10;900766778;9ddacc49-1918-3722-b5d9-4a1fa6b9b2a3
;5.0;2005-02-11;900700775;9ddacc49-1918-3722-b5d9-4a1fa6b9b2a3
;5.0;2005-02-12;900744725;9ddacc49-1918-3722-b5d9-4a1fa6b9b2a3
;4.5;2005-02-12;900700775;f3b83be1-931e-3f5e-91ab-9c1148d6c0e6
;4.0;2005-02-13;900656112;6bacd7ec-76c9-3f40-b69a-cde708c3ac01
;5.0;2005-02-16;900767853;9ddacc49-1918-3722-b5d9-4a1fa6b9b2a3
;4.0;2005-02-17;900768231;9ddacc49-1918-3722-b5d9-4a1fa6b9b2a3
;4.5;2005-02-19;900762067;9ddacc49-1918-3722-b5d9-4a1fa6b9b2a3
;4.0;2005-02-20;900767853;4787f420-1a8d-39a3-b57b-d8c7bb11796b
;1.0;2005-02-20;900767228;9ddacc49-1918-3722-b5d9-4a1fa6b9b2a3
;4.0;2005-02-20;900645581;e517727b-63d5-3351-94e8-20c900fa0cca
;3.5;2005-02-21;900691546;9ddacc49-1918-3722-b5d9-4a1fa6b9b2a3
;3.5;2005-02-21;900767161;9ddacc49-1918-3722-b5d9-4a1fa6b9b2a3
;5.0;2005-02-22;900768636;9ddacc49-1918-3722-b5d9-4a1fa6b9b2a3
;5.0;2005-02-27;900671007;9ddacc49-1918-3722-b5d9-4a1fa6b9b2a3
;1.5;2005-03-01;900768892;9ddacc49-1918-3722-b5d9-4a1fa6b9b2a3
;4.5;2005-03-03;900769621;9ddacc49-1918-3722-b5d9-4a1fa6b9b2a3
;3.5;2005-03-05;900676429;9ddacc49-1918-3722-b5d9-4a1fa6b9b2a3
;5.0;2005-03-05;900763024;f3b83be1-931e-3f5e-91ab-9c1148d6c0e6
;4.5;2005-03-06;900770045;48f742e7-d657-38bc-ad26-ff9e52e79073
;4.0;2005-03-06;900676799;9ddacc49-1918-3722-b5d9-4a1fa6b9b2a3
;4.5;2005-03-06;900770899;9ddacc49-1918-3722-b5d9-4a1fa6b9b2a3
;4.0;2005-03-07;900761513;4787f420-1a8d-39a3-b57b-d8c7bb11796b
;5.0;2005-03-07;900744517;9ddacc49-1918-3722-b5d9-4a1fa6b9b2a3
;5.0;2005-03-08;900589254;9ddacc49-1918-3722-b5d9-4a1fa6b9b2a3
;4.0;2005-03-08;900713000;9ddacc49-1918-3722-b5d9-4a1fa6b9b2a3
;5.0;2005-03-09;900702671;6bacd7ec-76c9-3f40-b69a-cde708c3ac01
;4.0;2005-03-09;900705768;9ddacc49-1918-3722-b5d9-4a1fa6b9b2a3
;5.0;2005-03-11;900765584;9ddacc49-1918-3722-b5d9-4a1fa6b9b2a3
;5.0;2005-03-11;900771920;9ddacc49-1918-3722-b5d9-4a1fa6b9b2a3
;3.5;2005-03-11;900769681;9ddacc49-1918-3722-b5d9-4a1fa6b9b2a3
;5.0;2005-03-12;900630603;9ddacc49-1918-3722-b5d9-4a1fa6b9b2a3
;5.0;2005-03-12;900730643;9ddacc49-1918-3722-b5d9-4a1fa6b9b2a3
;4.0;2005-03-13;900614406;9ddacc49-1918-3722-b5d9-4a1fa6b9b2a3
;4.5;2005-03-13;900765097;9ddacc49-1918-3722-b5d9-4a1fa6b9b2a3
;1.5;2005-03-13;900767228;f3b83be1-931e-3f5e-91ab-9c1148d6c0e6
;3.5;2005-03-14;900726679;9ddacc49-1918-3722-b5d9-4a1fa6b9b2a3
;5.0;2005-03-14;900759698;9ddacc49-1918-3722-b5d9-4a1fa6b9b2a3
;5.0;2005-03-14;900731877;9ddacc49-1918-3722-b5d9-4a1fa6b9b2a3
;5.0;2005-03-15;900761658;9ddacc49-1918-3722-b5d9-4a1fa6b9b2a3
;4.5;2005-03-16;900761758;9ddacc49-1918-3722-b5d9-4a1fa6b9b2a3
;3.5;2005-03-16;900673195;9ddacc49-1918-3722-b5d9-4a1fa6b9b2a3
;5.0;2005-03-16;900601323;9ddacc49-1918-3722-b5d9-4a1fa6b9b2a3
;5.0;2005-03-17;900667160;9ddacc49-1918-3722-b5d9-4a1fa6b9b2a3
;4.5;2005-03-17;900772220;9ddacc49-1918-3722-b5d9-4a1fa6b9b2a3
;4.5;2005-03-17;900749488;9ddacc49-1918-3722-b5d9-4a1fa6b9b2a3
;3.0;2005-03-17;900764081;9ddacc49-1918-3722-b5d9-4a1fa6b9b2a3
;5.0;2005-03-17;900611285;9ddacc49-1918-3722-b5d9-4a1fa6b9b2a3
;5.0;2005-03-17;900757172;9ddacc49-1918-3722-b5d9-4a1fa6b9b2a3
;4.0;2005-03-18;900734055;4787f420-1a8d-39a3-b57b-d8c7bb11796b
;5.0;2005-03-18;900732602;9ddacc49-1918-3722-b5d9-4a1fa6b9b2a3
;4.5;2005-03-18;900734055;9ddacc49-1918-3722-b5d9-4a1fa6b9b2a3
;5.0;2005-03-18;900744812;9ddacc49-1918-3722-b5d9-4a1fa6b9b2a3
;5.0;2005-03-19;900671232;9ddacc49-1918-3722-b5d9-4a1fa6b9b2a3
;4.0;2005-03-19;900739645;9ddacc49-1918-3722-b5d9-4a1fa6b9b2a3
;4.0;2005-03-19;900769915;9ddacc49-1918-3722-b5d9-4a1fa6b9b2a3
;5.0;2005-03-19;900773046;9ddacc49-1918-3722-b5d9-4a1fa6b9b2a3
;5.0;2005-03-19;900758610;9ddacc49-1918-3722-b5d9-4a1fa6b9b2a3
;5.0;2005-03-19;900759405;9ddacc49-1918-3722-b5d9-4a1fa6b9b2a3
;5.0;2005-03-20;900741366;9ddacc49-1918-3722-b5d9-4a1fa6b9b2a3
;3.5;2005-03-20;900773971;9ddacc49-1918-3722-b5d9-4a1fa6b9b2a3
;4.0;2005-03-20;900674475;9ddacc49-1918-3722-b5d9-4a1fa6b9b2a3
;2.0;2005-03-20;900773896;9ddacc49-1918-3722-b5d9-4a1fa6b9b2a3
;5.0;2005-03-20;900744338;9ddacc49-1918-3722-b5d9-4a1fa6b9b2a3
;5.0;2005-03-20;900768090;9ddacc49-1918-3722-b5d9-4a1fa6b9b2a3
;4.0;2005-03-21;900769080;9ddacc49-1918-3722-b5d9-4a1fa6b9b2a3
;4.0;2005-03-21;900699100;9ddacc49-1918-3722-b5d9-4a1fa6b9b2a3
;5.0;2005-03-22;900773123;9ddacc49-1918-3722-b5d9-4a1fa6b9b2a3
;4.5;2005-03-22;900762189;9ddacc49-1918-3722-b5d9-4a1fa6b9b2a3
;4.5;2005-03-22;900773401;9ddacc49-1918-3722-b5d9-4a1fa6b9b2a3
;5.0;2005-03-22;900773266;9ddacc49-1918-3722-b5d9-4a1fa6b9b2a3
;3.5;2005-03-22;900763547;9ddacc49-1918-3722-b5d9-4a1fa6b9b2a3
;3.5;2005-03-23;900746641;9ddacc49-1918-3722-b5d9-4a1fa6b9b2a3
;5.0;2005-03-23;900768465;9ddacc49-1918-3722-b5d9-4a1fa6b9b2a3
;4.5;2005-03-23;900675948;9ddacc49-1918-3722-b5d9-4a1fa6b9b2a3
;4.0;2005-03-23;900640109;9ddacc49-1918-3722-b5d9-4a1fa6b9b2a3
;4.5;2005-03-25;900739833;9ddacc49-1918-3722-b5d9-4a1fa6b9b2a3
;2.5;2005-03-26;900653984;9ddacc49-1918-3722-b5d9-4a1fa6b9b2a3
;5.0;2005-03-26;900731081;9ddacc49-1918-3722-b5d9-4a1fa6b9b2a3
;3.5;2005-03-26;900764078;9ddacc49-1918-3722-b5d9-4a1fa6b9b2a3
;1.0;2005-03-26;900774023;9ddacc49-1918-3722-b5d9-4a1fa6b9b2a3
;5.0;2005-03-27;900774392;48f742e7-d657-38bc-ad26-ff9e52e79073
;4.5;2005-03-27;900764211;9ddacc49-1918-3722-b5d9-4a1fa6b9b2a3
;2.5;2005-03-27;900761384;9ddacc49-1918-3722-b5d9-4a1fa6b9b2a3
;3.5;2005-03-27;900774392;9ddacc49-1918-3722-b5d9-4a1fa6b9b2a3
;4.5;2005-03-27;900615043;9ddacc49-1918-3722-b5d9-4a1fa6b9b2a3
;4.5;2005-03-27;900685636;9ddacc49-1918-3722-b5d9-4a1fa6b9b2a3
;4.5;2005-03-27;900764446;9ddacc49-1918-3722-b5d9-4a1fa6b9b2a3
;5.0;2005-03-27;900768997;f3b83be1-931e-3f5e-91ab-9c1148d6c0e6
;3.0;2005-03-28;900772124;9ddacc49-1918-3722-b5d9-4a1fa6b9b2a3
;5.0;2005-03-28;900768493;9ddacc49-1918-3722-b5d9-4a1fa6b9b2a3
;5.0;2005-03-28;900763357;9ddacc49-1918-3722-b5d9-4a1fa6b9b2a3
;3.0;2005-03-29;900761844;9ddacc49-1918-3722-b5d9-4a1fa6b9b2a3
;5.0;2005-03-29;900761901;9ddacc49-1918-3722-b5d9-4a1fa6b9b2a3
;4.0;2005-03-29;900749041;9ddacc49-1918-3722-b5d9-4a1fa6b9b2a3
;5.0;2005-03-30;900767853;48f742e7-d657-38bc-ad26-ff9e52e79073
;5.0;2005-03-30;900739901;48f742e7-d657-38bc-ad26-ff9e52e79073
;4.0;2005-03-30;900767853;6bacd7ec-76c9-3f40-b69a-cde708c3ac01
;5.0;2005-03-30;900739901;6bacd7ec-76c9-3f40-b69a-cde708c3ac01
;4.0;2005-03-30;900768579;9ddacc49-1918-3722-b5d9-4a1fa6b9b2a3
;3.0;2005-03-30;900625067;9ddacc49-1918-3722-b5d9-4a1fa6b9b2a3
;5.0;2005-04-01;900744725;48f742e7-d657-38bc-ad26-ff9e52e79073
;5.0;2005-04-01;900744725;6bacd7ec-76c9-3f40-b69a-cde708c3ac01
;5.0;2005-04-01;900737116;9ddacc49-1918-3722-b5d9-4a1fa6b9b2a3
;2.0;2005-04-02;900674838;9ddacc49-1918-3722-b5d9-4a1fa6b9b2a3
;4.0;2005-04-02;900702715;9ddacc49-1918-3722-b5d9-4a1fa6b9b2a3
;4.5;2005-04-03;900699725;9ddacc49-1918-3722-b5d9-4a1fa6b9b2a3
;2.5;2005-04-03;900775734;9ddacc49-1918-3722-b5d9-4a1fa6b9b2a3
;5.0;2005-04-04;900775941;9ddacc49-1918-3722-b5d9-4a1fa6b9b2a3
b54d0515-9a94-4115-a83f-f28de475346e;4.5;2005-04-04;900718773;9ddacc49-1918-3722-b5d9-4a1fa6b9b2a3
;4.5;2005-04-04;900643281;9ddacc49-1918-3722-b5d9-4a1fa6b9b2a3
;4.0;2005-04-05;900774730;9ddacc49-1918-3722-b5d9-4a1fa6b9b2a3
;4.5;2005-04-06;900775419;9ddacc49-1918-3722-b5d9-4a1fa6b9b2a3
;4.0;2005-04-08;900616225;9ddacc49-1918-3722-b5d9-4a1fa6b9b2a3
;5.0;2005-04-08;900775633;9ddacc49-1918-3722-b5d9-4a1fa6b9b2a3
;4.5;2005-04-09;900705768;4787f420-1a8d-39a3-b57b-d8c7bb11796b
;3.0;2005-04-09;900762708;6bacd7ec-76c9-3f40-b69a-cde708c3ac01
;3.5;2005-04-09;900683843;9ddacc49-1918-3722-b5d9-4a1fa6b9b2a3
;3.0;2005-04-09;900762708;9ddacc49-1918-3722-b5d9-4a1fa6b9b2a3
;3.0;2005-04-10;900777373;9ddacc49-1918-3722-b5d9-4a1fa6b9b2a3
;5.0;2005-04-10;900771477;9ddacc49-1918-3722-b5d9-4a1fa6b9b2a3
;4.0;2005-04-11;900775598;9ddacc49-1918-3722-b5d9-4a1fa6b9b2a3
;4.5;2005-04-13;900700775;4787f420-1a8d-39a3-b57b-d8c7bb11796b
;5.0;2005-04-13;900705927;9ddacc49-1918-3722-b5d9-4a1fa6b9b2a3
;4.5;2005-04-16;900746740;6bacd7ec-76c9-3f40-b69a-cde708c3ac01
;4.5;2005-04-19;900778330;9ddacc49-1918-3722-b5d9-4a1fa6b9b2a3
;4.0;2005-04-21;900661993;9ddacc49-1918-3722-b5d9-4a1fa6b9b2a3
;4.5;2005-04-24;900705768;48f742e7-d657-38bc-ad26-ff9e52e79073
;4.5;2005-04-24;900622495;9ddacc49-1918-3722-b5d9-4a1fa6b9b2a3
;4.5;2005-04-26;900776103;9ddacc49-1918-3722-b5d9-4a1fa6b9b2a3
;4.5;2005-04-27;900771236;f3b83be1-931e-3f5e-91ab-9c1148d6c0e6
;4.5;2005-04-29;900606196;9ddacc49-1918-3722-b5d9-4a1fa6b9b2a3
;4.5;2005-04-30;900761844;f3b83be1-931e-3f5e-91ab-9c1148d6c0e6
;4.5;2005-05-02;900685446;9ddacc49-1918-3722-b5d9-4a1fa6b9b2a3
;5.0;2005-05-03;900763683;9ddacc49-1918-3722-b5d9-4a1fa6b9b2a3
;3.0;2005-05-04;900681102;9ddacc49-1918-3722-b5d9-4a1fa6b9b2a3
;4.5;2005-05-06;900692720;9ddacc49-1918-3722-b5d9-4a1fa6b9b2a3
;5.0;2005-05-06;900753295;9ddacc49-1918-3722-b5d9-4a1fa6b9b2a3
;5.0;2005-05-09;900778638;6bacd7ec-76c9-3f40-b69a-cde708c3ac01
;3.5;2005-05-11;900745524;48f742e7-d657-38bc-ad26-ff9e52e79073
;3.0;2005-05-11;900745524;6bacd7ec-76c9-3f40-b69a-cde708c3ac01
;5.0;2005-05-11;900745524;9ddacc49-1918-3722-b5d9-4a1fa6b9b2a3
;4.0;2005-05-11;900745524;e517727b-63d5-3351-94e8-20c900fa0cca
;5.0;2005-05-11;900745524;f3b83be1-931e-3f5e-91ab-9c1148d6c0e6
;5.0;2005-05-12;900782870;36d1101e-542a-33a8-a5d7-dbf4f0fa70d9
;5.0;2005-05-12;900749659;9ddacc49-1918-3722-b5d9-4a1fa6b9b2a3
;4.5;2005-05-14;900782753;9ddacc49-1918-3722-b5d9-4a1fa6b9b2a3
;5.0;2005-05-16;900659855;48f742e7-d657-38bc-ad26-ff9e52e79073
;4.5;2005-05-16;900659855;6bacd7ec-76c9-3f40-b69a-cde708c3ac01
;4.5;2005-05-16;900659855;e517727b-63d5-3351-94e8-20c900fa0cca
;4.5;2005-05-23;900783906;9ddacc49-1918-3722-b5d9-4a1fa6b9b2a3
;5.0;2005-05-23;900784522;9ddacc49-1918-3722-b5d9-4a1fa6b9b2a3
;3.5;2005-05-25;900784420;9ddacc49-1918-3722-b5d9-4a1fa6b9b2a3
;3.0;2005-05-25;900784420;e517727b-63d5-3351-94e8-20c900fa0cca
;4.0;2005-05-31;900685166;9ddacc49-1918-3722-b5d9-4a1fa6b9b2a3
;4.5;2005-06-04;900786568;9ddacc49-1918-3722-b5d9-4a1fa6b9b2a3
ca5984de-00e8-49eb-a183-0672a2a54c09;4.0;2005-06-04;900768403;9ddacc49-1918-3722-b5d9-4a1fa6b9b2a3
;5.0;2005-06-07;900662818;f3b83be1-931e-3f5e-91ab-9c1148d6c0e6
;4.5;2005-06-08;900704533;9ddacc49-1918-3722-b5d9-4a1fa6b9b2a3
;4.0;2005-06-11;900597851;4787f420-1a8d-39a3-b57b-d8c7bb11796b
;4.5;2005-06-11;900597851;48f742e7-d657-38bc-ad26-ff9e52e79073
;4.0;2005-06-11;900597851;6bacd7ec-76c9-3f40-b69a-cde708c3ac01
;3.5;2005-06-11;900787838;9ddacc49-1918-3722-b5d9-4a1fa6b9b2a3
;4.0;2005-06-11;900597851;e517727b-63d5-3351-94e8-20c900fa0cca
;4.5;2005-06-25;900638434;9ddacc49-1918-3722-b5d9-4a1fa6b9b2a3
;4.5;2005-07-03;900788446;9ddacc49-1918-3722-b5d9-4a1fa6b9b2a3
;4.5;2005-07-07;900746713;9ddacc49-1918-3722-b5d9-4a1fa6b9b2a3
;4.0;2005-07-08;900792725;9ddacc49-1918-3722-b5d9-4a1fa6b9b2a3
;4.0;2005-07-08;900791646;9ddacc49-1918-3722-b5d9-4a1fa6b9b2a3
;5.0;2005-07-08;900761901;f3b83be1-931e-3f5e-91ab-9c1148d6c0e6
;3.5;2005-07-09;900738995;9ddacc49-1918-3722-b5d9-4a1fa6b9b2a3
;5.0;2005-07-11;900685302;9ddacc49-1918-3722-b5d9-4a1fa6b9b2a3
25c053d8-91be-4713-b525-67fd9b65b2bb;4.5;2005-07-13;900794741;6bacd7ec-76c9-3f40-b69a-cde708c3ac01
;4.0;2005-07-14;900619822;9ddacc49-1918-3722-b5d9-4a1fa6b9b2a3
;4.0;2005-07-21;900769997;9ddacc49-1918-3722-b5d9-4a1fa6b9b2a3
;5.0;2005-07-22;900791853;9ddacc49-1918-3722-b5d9-4a1fa6b9b2a3
;4.5;2005-07-22;900746740;f3b83be1-931e-3f5e-91ab-9c1148d6c0e6
;4.5;2005-07-23;900762189;48f742e7-d657-38bc-ad26-ff9e52e79073
;5.0;2005-07-23;900796576;f3b83be1-931e-3f5e-91ab-9c1148d6c0e6
;4.5;2005-07-25;900762189;6bacd7ec-76c9-3f40-b69a-cde708c3ac01
;3.5;2005-07-28;900788155;f3b83be1-931e-3f5e-91ab-9c1148d6c0e6
;4.0;2005-07-30;900740685;9ddacc49-1918-3722-b5d9-4a1fa6b9b2a3
;5.0;2005-07-31;900756670;9ddacc49-1918-3722-b5d9-4a1fa6b9b2a3
;4.5;2005-07-31;900774239;9ddacc49-1918-3722-b5d9-4a1fa6b9b2a3
;4.0;2005-08-01;900785623;f3b83be1-931e-3f5e-91ab-9c1148d6c0e6
;5.0;2005-08-10;900686585;f3b83be1-931e-3f5e-91ab-9c1148d6c0e6
;5.0;2005-08-11;900597782;6bacd7ec-76c9-3f40-b69a-cde708c3ac01
;3.0;2005-08-11;900799626;9ddacc49-1918-3722-b5d9-4a1fa6b9b2a3
;4.0;2005-08-12;900769997;f3b83be1-931e-3f5e-91ab-9c1148d6c0e6
;4.0;2005-08-16;900800914;9ddacc49-1918-3722-b5d9-4a1fa6b9b2a3
;4.5;2005-08-17;900800850;9ddacc49-1918-3722-b5d9-4a1fa6b9b2a3
;5.0;2005-08-18;900699624;9ddacc49-1918-3722-b5d9-4a1fa6b9b2a3
;4.0;2005-08-21;900799904;9ddacc49-1918-3722-b5d9-4a1fa6b9b2a3
;4.5;2005-08-23;900588579;f3b83be1-931e-3f5e-91ab-9c1148d6c0e6
;5.0;2005-08-27;900744725;4787f420-1a8d-39a3-b57b-d8c7bb11796b
;5.0;2005-08-27;900744725;e517727b-63d5-3351-94e8-20c900fa0cca
;4.0;2005-08-27;900800073;f3b83be1-931e-3f5e-91ab-9c1148d6c0e6
;4.5;2005-08-28;900802936;9ddacc49-1918-3722-b5d9-4a1fa6b9b2a3
;4.5;2005-09-03;900630626;9ddacc49-1918-3722-b5d9-4a1fa6b9b2a3
;4.0;2005-09-03;900780109;9ddacc49-1918-3722-b5d9-4a1fa6b9b2a3
;5.0;2005-09-03;900803138;f3b83be1-931e-3f5e-91ab-9c1148d6c0e6
;4.0;2005-09-03;900780109;f3b83be1-931e-3f5e-91ab-9c1148d6c0e6
;3.5;2005-09-06;900796252;e517727b-63d5-3351-94e8-20c900fa0cca
;5.0;2005-09-17;900805512;48f742e7-d657-38bc-ad26-ff9e52e79073
;5.0;2005-09-17;900805512;6bacd7ec-76c9-3f40-b69a-cde708c3ac01
;2.5;2005-09-18;900802776;9ddacc49-1918-3722-b5d9-4a1fa6b9b2a3
;4.0;2005-09-19;900798171;48f742e7-d657-38bc-ad26-ff9e52e79073
;4.0;2005-09-22;900793147;e517727b-63d5-3351-94e8-20c900fa0cca
;4.5;2005-09-23;900793147;48f742e7-d657-38bc-ad26-ff9e52e79073
;5.0;2005-09-23;900793147;6bacd7ec-76c9-3f40-b69a-cde708c3ac01
;4.5;2005-09-26;900808589;9ddacc49-1918-3722-b5d9-4a1fa6b9b2a3
;4.0;2005-09-27;900787428;9ddacc49-1918-3722-b5d9-4a1fa6b9b2a3
;3.5;2005-09-29;900663659;9ddacc49-1918-3722-b5d9-4a1fa6b9b2a3
;4.0;2005-09-30;900777228;9ddacc49-1918-3722-b5d9-4a1fa6b9b2a3
;5.0;2005-09-30;900704126;f3b83be1-931e-3f5e-91ab-9c1148d6c0e6
;4.5;2005-09-30;900627673;f3b83be1-931e-3f5e-91ab-9c1148d6c0e6
;5.0;2005-10-05;900809980;9ddacc49-1918-3722-b5d9-4a1fa6b9b2a3
;4.0;2005-10-07;900810653;9ddacc49-1918-3722-b5d9-4a1fa6b9b2a3
;4.0;2005-10-08;900810653;f3b83be1-931e-3f5e-91ab-9c1148d6c0e6
;2.5;2005-10-10;900729880;4787f420-1a8d-39a3-b57b-d8c7bb11796b
;5.0;2005-10-10;900796252;9ddacc49-1918-3722-b5d9-4a1fa6b9b2a3
;3.5;2005-10-10;900811343;9ddacc49-1918-3722-b5d9-4a1fa6b9b2a3
;5.0;2005-10-12;900699279;9ddacc49-1918-3722-b5d9-4a1fa6b9b2a3
;5.0;2005-10-17;900810675;f3b83be1-931e-3f5e-91ab-9c1148d6c0e6
;4.0;2005-10-19;900813173;9ddacc49-1918-3722-b5d9-4a1fa6b9b2a3
;3.0;2005-10-22;900796549;f3b83be1-931e-3f5e-91ab-9c1148d6c0e6
;4.5;2005-10-29;900813755;48f742e7-d657-38bc-ad26-ff9e52e79073
;4.5;2005-10-29;900813755;6bacd7ec-76c9-3f40-b69a-cde708c3ac01
;4.5;2005-10-29;900813755;9ddacc49-1918-3722-b5d9-4a1fa6b9b2a3
;3.0;2005-10-29;900814958;9ddacc49-1918-3722-b5d9-4a1fa6b9b2a3
;4.0;2005-10-29;900793147;f3b83be1-931e-3f5e-91ab-9c1148d6c0e6
;4.0;2005-10-30;900691941;e517727b-63d5-3351-94e8-20c900fa0cca
;4.0;2005-11-04;900798171;e517727b-63d5-3351-94e8-20c900fa0cca
;0.5;2005-11-05;900817378;e517727b-63d5-3351-94e8-20c900fa0cca
;4.0;2005-11-08;900798171;f3b83be1-931e-3f5e-91ab-9c1148d6c0e6
;4.0;2005-11-11;900774186;9ddacc49-1918-3722-b5d9-4a1fa6b9b2a3
;4.0;2005-11-14;900743407;9ddacc49-1918-3722-b5d9-4a1fa6b9b2a3
;4.5;2005-11-15;900762189;f3b83be1-931e-3f5e-91ab-9c1148d6c0e6
;4.0;2005-11-23;900803138;48f742e7-d657-38bc-ad26-ff9e52e79073
;5.0;2005-11-23;900692911;9ddacc49-1918-3722-b5d9-4a1fa6b9b2a3
;2.0;2005-11-24;900729880;f3b83be1-931e-3f5e-91ab-9c1148d6c0e6
;4.0;2005-11-25;900821839;f3b83be1-931e-3f5e-91ab-9c1148d6c0e6
;1.0;2005-11-25;900784761;f3b83be1-931e-3f5e-91ab-9c1148d6c0e6
;5.0;2005-11-26;900806494;48f742e7-d657-38bc-ad26-ff9e52e79073
;3.5;2005-11-26;900776865;9ddacc49-1918-3722-b5d9-4a1fa6b9b2a3
;3.5;2005-11-26;900776865;f3b83be1-931e-3f5e-91ab-9c1148d6c0e6
;4.0;2005-11-28;900743407;48f742e7-d657-38bc-ad26-ff9e52e79073
;4.0;2005-12-03;900642150;e517727b-63d5-3351-94e8-20c900fa0cca
;5.0;2005-12-07;900824690;f3b83be1-931e-3f5e-91ab-9c1148d6c0e6
;5.0;2005-12-12;900825884;6bacd7ec-76c9-3f40-b69a-cde708c3ac01
;4.0;2005-12-13;24792;e517727b-63d5-3351-94e8-20c900fa0cca
;3.0;2005-12-14;30022;4787f420-1a8d-39a3-b57b-d8c7bb11796b
;4.0;2005-12-14;45386;4787f420-1a8d-39a3-b57b-d8c7bb11796b
;5.0;2005-12-14;40133;f3b83be1-931e-3f5e-91ab-9c1148d6c0e6
;2.0;2005-12-15;152431;4787f420-1a8d-39a3-b57b-d8c7bb11796b
;3.0;2005-12-15;46114;4787f420-1a8d-39a3-b57b-d8c7bb11796b
;3.0;2005-12-15;97369;4787f420-1a8d-39a3-b57b-d8c7bb11796b
;4.0;2005-12-15;100968;4787f420-1a8d-39a3-b57b-d8c7bb11796b
;5.0;2005-12-15;50877;48f742e7-d657-38bc-ad26-ff9e52e79073
;4.0;2005-12-15;137199;48f742e7-d657-38bc-ad26-ff9e52e79073
;5.0;2005-12-15;111736;6bacd7ec-76c9-3f40-b69a-cde708c3ac01
;5.0;2005-12-15;52699;9ddacc49-1918-3722-b5d9-4a1fa6b9b2a3
;4.0;2005-12-15;67712;e517727b-63d5-3351-94e8-20c900fa0cca
;5.0;2005-12-16;243269;6bacd7ec-76c9-3f40-b69a-cde708c3ac01
;2.0;2005-12-16;48659;e517727b-63d5-3351-94e8-20c900fa0cca
;5.0;2005-12-16;192822;f3b83be1-931e-3f5e-91ab-9c1148d6c0e6
;4.0;2005-12-16;266321;f3b83be1-931e-3f5e-91ab-9c1148d6c0e6
;3.0;2005-12-17;417815;4787f420-1a8d-39a3-b57b-d8c7bb11796b
;3.0;2005-12-17;335768;48f742e7-d657-38bc-ad26-ff9e52e79073
;4.0;2005-12-17;52501;9ddacc49-1918-3722-b5d9-4a1fa6b9b2a3
;3.0;2005-12-17;412236;f3b83be1-931e-3f5e-91ab-9c1148d6c0e6
;4.0;2005-12-17;280021;f3b83be1-931e-3f5e-91ab-9c1148d6c0e6
;5.0;2005-12-17;129309;f3b83be1-931e-3f5e-91ab-9c1148d6c0e6
;5.0;2005-12-17;313267;f3b83be1-931e-3f5e-91ab-9c1148d6c0e6
;3.0;2005-12-18;538805;4787f420-1a8d-39a3-b57b-d8c7bb11796b
;3.0;2005-12-18;384837;4787f420-1a8d-39a3-b57b-d8c7bb11796b
;4.0;2005-12-18;331767;6bacd7ec-76c9-3f40-b69a-cde708c3ac01
;5.0;2005-12-18;168344;9ddacc49-1918-3722-b5d9-4a1fa6b9b2a3
;5.0;2005-12-18;331767;9ddacc49-1918-3722-b5d9-4a1fa6b9b2a3
;5.0;2005-12-18;168344;e517727b-63d5-3351-94e8-20c900fa0cca
;5.0;2005-12-18;168344;f3b83be1-931e-3f5e-91ab-9c1148d6c0e6
;4.0;2005-12-18;668194;f3b83be1-931e-3f5e-91ab-9c1148d6c0e6
;5.0;2005-12-18;89183;f3b83be1-931e-3f5e-91ab-9c1148d6c0e6
;5.0;2005-12-18;212758;f3b83be1-931e-3f5e-91ab-9c1148d6c0e6
;5.0;2005-12-19;754257;4787f420-1a8d-39a3-b57b-d8c7bb11796b
;1.0;2005-12-19;778386;6bacd7ec-76c9-3f40-b69a-cde708c3ac01
;5.0;2005-12-19;670102;f3b83be1-931e-3f5e-91ab-9c1148d6c0e6
;2.0;2005-12-19;686037;f3b83be1-931e-3f5e-91ab-9c1148d6c0e6
;5.0;2005-12-19;97369;f3b83be1-931e-3f5e-91ab-9c1148d6c0e6
;5.0;2005-12-20;61807;48f742e7-d657-38bc-ad26-ff9e52e79073
;5.0;2005-12-20;89183;48f742e7-d657-38bc-ad26-ff9e52e79073
;5.0;2005-12-20;89183;6bacd7ec-76c9-3f40-b69a-cde708c3ac01
;4.0;2005-12-20;61807;6bacd7ec-76c9-3f40-b69a-cde708c3ac01
;5.0;2005-12-20;872461;f3b83be1-931e-3f5e-91ab-9c1148d6c0e6
;4.0;2005-12-21;1490169;4787f420-1a8d-39a3-b57b-d8c7bb11796b
;1.0;2005-12-21;824153;9ddacc49-1918-3722-b5d9-4a1fa6b9b2a3
;4.0;2005-12-21;872461;9ddacc49-1918-3722-b5d9-4a1fa6b9b2a3
;3.5;2005-12-21;1379767;9ddacc49-1918-3722-b5d9-4a1fa6b9b2a3
;3.0;2005-12-21;832616;9ddacc49-1918-3722-b5d9-4a1fa6b9b2a3
;5.0;2005-12-21;376986;e517727b-63d5-3351-94e8-20c900fa0cca
;3.0;2005-12-21;1326241;e517727b-63d5-3351-94e8-20c900fa0cca
;5.0;2005-12-21;376986;f3b83be1-931e-3f5e-91ab-9c1148d6c0e6
;5.0;2005-12-21;887047;f3b83be1-931e-3f5e-91ab-9c1148d6c0e6
;3.0;2005-12-21;378717;f3b83be1-931e-3f5e-91ab-9c1148d6c0e6
;5.0;2005-12-21;374660;f3b83be1-931e-3f5e-91ab-9c1148d6c0e6
;4.0;2005-12-21;894452;f3b83be1-931e-3f5e-91ab-9c1148d6c0e6
;4.0;2005-12-22;1859914;4787f420-1a8d-39a3-b57b-d8c7bb11796b
;4.0;2005-12-22;1558305;9ddacc49-1918-3722-b5d9-4a1fa6b9b2a3
;5.0;2005-12-22;1004554;f3b83be1-931e-3f5e-91ab-9c1148d6c0e6
;4.0;2005-12-23;1950092;48f742e7-d657-38bc-ad26-ff9e52e79073
;5.0;2005-12-23;1859914;48f742e7-d657-38bc-ad26-ff9e52e79073
;4.0;2005-12-23;1859914;6bacd7ec-76c9-3f40-b69a-cde708c3ac01
;4.0;2005-12-23;1950092;6bacd7ec-76c9-3f40-b69a-cde708c3ac01
;5.0;2005-12-23;90419;9ddacc49-1918-3722-b5d9-4a1fa6b9b2a3
;5.0;2005-12-23;87823;e517727b-63d5-3351-94e8-20c900fa0cca
;3.0;2005-12-23;150418;e517727b-63d5-3351-94e8-20c900fa0cca
;5.0;2005-12-23;1859914;f3b83be1-931e-3f5e-91ab-9c1148d6c0e6
;4.0;2005-12-23;87823;f3b83be1-931e-3f5e-91ab-9c1148d6c0e6
;4.0;2005-12-24;1368987;48f742e7-d657-38bc-ad26-ff9e52e79073
;4.0;2005-12-24;2164669;9ddacc49-1918-3722-b5d9-4a1fa6b9b2a3
;5.0;2005-12-24;89183;e517727b-63d5-3351-94e8-20c900fa0cca
;2.0;2005-12-25;538227;4787f420-1a8d-39a3-b57b-d8c7bb11796b
;1.0;2005-12-25;234565;4787f420-1a8d-39a3-b57b-d8c7bb11796b
;4.0;2005-12-26;900743407;6bacd7ec-76c9-3f40-b69a-cde708c3ac01
;3.5;2005-12-26;900798034;6bacd7ec-76c9-3f40-b69a-cde708c3ac01
;5.0;2005-12-26;900806494;6bacd7ec-76c9-3f40-b69a-cde708c3ac01
;5.0;2005-12-26;1345209;9ddacc49-1918-3722-b5d9-4a1fa6b9b2a3
;3.5;2005-12-26;900798034;e517727b-63d5-3351-94e8-20c900fa0cca
;5.0;2005-12-26;1274318;e517727b-63d5-3351-94e8-20c900fa0cca
;5.0;2005-12-26;3112166;f3b83be1-931e-3f5e-91ab-9c1148d6c0e6
;5.0;2005-12-26;1274318;f3b83be1-931e-3f5e-91ab-9c1148d6c0e6
;5.0;2005-12-27;1022357;6bacd7ec-76c9-3f40-b69a-cde708c3ac01
;3.0;2005-12-27;52699;6bacd7ec-76c9-3f40-b69a-cde708c3ac01
;5.0;2005-12-27;49581;9ddacc49-1918-3722-b5d9-4a1fa6b9b2a3
;4.0;2005-12-27;2865230;9ddacc49-1918-3722-b5d9-4a1fa6b9b2a3
;5.0;2005-12-27;392561;e517727b-63d5-3351-94e8-20c900fa0cca
;5.0;2005-12-27;1022357;e517727b-63d5-3351-94e8-20c900fa0cca
;5.0;2005-12-27;1022357;f3b83be1-931e-3f5e-91ab-9c1148d6c0e6
;5.0;2005-12-27;2403351;f3b83be1-931e-3f5e-91ab-9c1148d6c0e6
;4.0;2005-12-27;2652768;f3b83be1-931e-3f5e-91ab-9c1148d6c0e6
;4.0;2005-12-28;1642371;4787f420-1a8d-39a3-b57b-d8c7bb11796b
;5.0;2005-12-28;1436423;6bacd7ec-76c9-3f40-b69a-cde708c3ac01
;5.0;2005-12-28;1642371;9ddacc49-1918-3722-b5d9-4a1fa6b9b2a3
;5.0;2005-12-28;900830099;9ddacc49-1918-3722-b5d9-4a1fa6b9b2a3
;5.0;2005-12-28;546885;f3b83be1-931e-3f5e-91ab-9c1148d6c0e6
;5.0;2005-12-28;217006;f3b83be1-931e-3f5e-91ab-9c1148d6c0e6
;5.0;2005-12-28;3882169;f3b83be1-931e-3f5e-91ab-9c1148d6c0e6
;4.0;2005-12-29;3532584;48f742e7-d657-38bc-ad26-ff9e52e79073
;3.0;2005-12-30;87802;4787f420-1a8d-39a3-b57b-d8c7bb11796b
;4.0;2005-12-30;900769426;6bacd7ec-76c9-3f40-b69a-cde708c3ac01
;3.5;2005-12-30;25921;6bacd7ec-76c9-3f40-b69a-cde708c3ac01
;2.0;2005-12-30;900729880;9ddacc49-1918-3722-b5d9-4a1fa6b9b2a3
;1.0;2005-12-31;87823;4787f420-1a8d-39a3-b57b-d8c7bb11796b
;3.0;2005-12-31;3020434;f3b83be1-931e-3f5e-91ab-9c1148d6c0e6
;3.5;2006-01-02;203157;9ddacc49-1918-3722-b5d9-4a1fa6b9b2a3
;5.0;2006-01-02;1951048;f3b83be1-931e-3f5e-91ab-9c1148d6c0e6
;3.0;2006-01-02;203157;f3b83be1-931e-3f5e-91ab-9c1148d6c0e6
;3.0;2006-01-03;5392604;4787f420-1a8d-39a3-b57b-d8c7bb11796b
;1.0;2006-01-03;1442423;4787f420-1a8d-39a3-b57b-d8c7bb11796b
;4.0;2006-01-03;3978820;f3b83be1-931e-3f5e-91ab-9c1148d6c0e6
;4.0;2006-01-03;900707909;f3b83be1-931e-3f5e-91ab-9c1148d6c0e6
;1.0;2006-01-04;203157;4787f420-1a8d-39a3-b57b-d8c7bb11796b
;4.0;2006-01-04;3412473;4787f420-1a8d-39a3-b57b-d8c7bb11796b
;5.0;2006-01-04;06d40b29-5a5c-43a6-b6c7-09620c331ef1;9ddacc49-1918-3722-b5d9-4a1fa6b9b2a3
;3.0;2006-01-04;4209960;f3b83be1-931e-3f5e-91ab-9c1148d6c0e6
;5.0;2006-01-04;3772633;f3b83be1-931e-3f5e-91ab-9c1148d6c0e6
;5.0;2006-01-05;1209751;4787f420-1a8d-39a3-b57b-d8c7bb11796b
;2.0;2006-01-05;4556573;4787f420-1a8d-39a3-b57b-d8c7bb11796b
;5.0;2006-01-05;1148922;f3b83be1-931e-3f5e-91ab-9c1148d6c0e6
;4.5;2006-01-06;900791409;48f742e7-d657-38bc-ad26-ff9e52e79073
;4.0;2006-01-07;4958999;9ddacc49-1918-3722-b5d9-4a1fa6b9b2a3
;5.0;2006-01-07;1940836;9ddacc49-1918-3722-b5d9-4a1fa6b9b2a3
;4.0;2006-01-07;1645958;9ddacc49-1918-3722-b5d9-4a1fa6b9b2a3
;5.0;2006-01-07;217006;e517727b-63d5-3351-94e8-20c900fa0cca
;5.0;2006-01-07;798396;e517727b-63d5-3351-94e8-20c900fa0cca
;4.0;2006-01-07;4929851;f3b83be1-931e-3f5e-91ab-9c1148d6c0e6
;4.0;2006-01-08;538805;48f742e7-d657-38bc-ad26-ff9e52e79073
;3.0;2006-01-08;538805;6bacd7ec-76c9-3f40-b69a-cde708c3ac01
;5.0;2006-01-08;426178;f3b83be1-931e-3f5e-91ab-9c1148d6c0e6
;4.0;2006-01-09;4484616;6bacd7ec-76c9-3f40-b69a-cde708c3ac01
;3.0;2006-01-10;4929724;4787f420-1a8d-39a3-b57b-d8c7bb11796b
;4.0;2006-01-10;4929724;f3b83be1-931e-3f5e-91ab-9c1148d6c0e6
;4.0;2006-01-12;5460272;f3b83be1-931e-3f5e-91ab-9c1148d6c0e6
;5.0;2006-01-13;900833974;9ddacc49-1918-3722-b5d9-4a1fa6b9b2a3
;4.0;2006-01-13;138681;e517727b-63d5-3351-94e8-20c900fa0cca
;5.0;2006-01-13;6401630;f3b83be1-931e-3f5e-91ab-9c1148d6c0e6
;5.0;2006-01-13;3372668;f3b83be1-931e-3f5e-91ab-9c1148d6c0e6
;5.0;2006-01-13;714717;f3b83be1-931e-3f5e-91ab-9c1148d6c0e6
;4.0;2006-01-14;138681;4787f420-1a8d-39a3-b57b-d8c7bb11796b
;4.0;2006-01-14;138681;48f742e7-d657-38bc-ad26-ff9e52e79073
;4.5;2006-01-14;138681;6bacd7ec-76c9-3f40-b69a-cde708c3ac01
;4.0;2006-01-14;138681;9ddacc49-1918-3722-b5d9-4a1fa6b9b2a3
;4.0;2006-01-14;138681;f3b83be1-931e-3f5e-91ab-9c1148d6c0e6
;3.0;2006-01-15;5787420;4787f420-1a8d-39a3-b57b-d8c7bb11796b
;5.0;2006-01-15;6022321;4787f420-1a8d-39a3-b57b-d8c7bb11796b
;5.0;2006-01-15;8533843;4787f420-1a8d-39a3-b57b-d8c7bb11796b
;4.0;2006-01-15;900791853;48f742e7-d657-38bc-ad26-ff9e52e79073
;5.0;2006-01-15;900771236;9ddacc49-1918-3722-b5d9-4a1fa6b9b2a3
;5.0;2006-01-15;900704126;9ddacc49-1918-3722-b5d9-4a1fa6b9b2a3
;5.0;2006-01-15;8378118;e517727b-63d5-3351-94e8-20c900fa0cca
;5.0;2006-01-15;7930560;f3b83be1-931e-3f5e-91ab-9c1148d6c0e6
;4.0;2006-01-16;7910248;4787f420-1a8d-39a3-b57b-d8c7bb11796b
;4.0;2006-01-16;9126502;4787f420-1a8d-39a3-b57b-d8c7bb11796b
;3.0;2006-01-16;9233788;4787f420-1a8d-39a3-b57b-d8c7bb11796b
;3.0;2006-01-16;9135058;4787f420-1a8d-39a3-b57b-d8c7bb11796b
;4.0;2006-01-16;9384179;4787f420-1a8d-39a3-b57b-d8c7bb11796b
;3.0;2006-01-16;9670919;4787f420-1a8d-39a3-b57b-d8c7bb11796b
;1.0;2006-01-16;8088372;48f742e7-d657-38bc-ad26-ff9e52e79073
;5.0;2006-01-16;7893151;48f742e7-d657-38bc-ad26-ff9e52e79073
;5.0;2006-01-16;7969608;9ddacc49-1918-3722-b5d9-4a1fa6b9b2a3
;5.0;2006-01-16;6773299;9ddacc49-1918-3722-b5d9-4a1fa6b9b2a3
;4.0;2006-01-16;5722413;9ddacc49-1918-3722-b5d9-4a1fa6b9b2a3
;3.0;2006-01-16;9135058;9ddacc49-1918-3722-b5d9-4a1fa6b9b2a3
;4.0;2006-01-16;9135058;e517727b-63d5-3351-94e8-20c900fa0cca
;4.0;2006-01-16;7969608;e517727b-63d5-3351-94e8-20c900fa0cca
;4.0;2006-01-16;8246666;f3b83be1-931e-3f5e-91ab-9c1148d6c0e6
;5.0;2006-01-16;8121257;f3b83be1-931e-3f5e-91ab-9c1148d6c0e6
;4.0;2006-01-16;9135058;f3b83be1-931e-3f5e-91ab-9c1148d6c0e6
;4.0;2006-01-17;9766302;4787f420-1a8d-39a3-b57b-d8c7bb11796b
;5.0;2006-01-17;9103224;4787f420-1a8d-39a3-b57b-d8c7bb11796b
;4.0;2006-01-17;9126502;48f742e7-d657-38bc-ad26-ff9e52e79073
;4.0;2006-01-17;1212247;6bacd7ec-76c9-3f40-b69a-cde708c3ac01
;4.0;2006-01-17;9126502;6bacd7ec-76c9-3f40-b69a-cde708c3ac01
;4.0;2006-01-17;9006714;9ddacc49-1918-3722-b5d9-4a1fa6b9b2a3
;5.0;2006-01-17;9386197;9ddacc49-1918-3722-b5d9-4a1fa6b9b2a3
;5.0;2006-01-17;10486237;e517727b-63d5-3351-94e8-20c900fa0cca
;5.0;2006-01-17;7113177;f3b83be1-931e-3f5e-91ab-9c1148d6c0e6
;5.0;2006-01-17;79408;f3b83be1-931e-3f5e-91ab-9c1148d6c0e6
;5.0;2006-01-17;9006714;f3b83be1-931e-3f5e-91ab-9c1148d6c0e6
;5.0;2006-01-17;10486237;f3b83be1-931e-3f5e-91ab-9c1148d6c0e6
;4.5;2006-01-17;10296631;f3b83be1-931e-3f5e-91ab-9c1148d6c0e6
;4.0;2006-01-18;10490112;4787f420-1a8d-39a3-b57b-d8c7bb11796b
;3.0;2006-01-18;10826067;4787f420-1a8d-39a3-b57b-d8c7bb11796b
;3.0;2006-01-18;10672170;4787f420-1a8d-39a3-b57b-d8c7bb11796b
;5.0;2006-01-18;8531656;48f742e7-d657-38bc-ad26-ff9e52e79073
;4.0;2006-01-18;10296631;48f742e7-d657-38bc-ad26-ff9e52e79073
;5.0;2006-01-18;8531656;6bacd7ec-76c9-3f40-b69a-cde708c3ac01
;4.0;2006-01-18;8531656;e517727b-63d5-3351-94e8-20c900fa0cca
;4.0;2006-01-18;900802026;e517727b-63d5-3351-94e8-20c900fa0cca
;5.0;2006-01-18;57075;f3b83be1-931e-3f5e-91ab-9c1148d6c0e6
;5.0;2006-01-18;8531656;f3b83be1-931e-3f5e-91ab-9c1148d6c0e6
;5.0;2006-01-18;10313610;f3b83be1-931e-3f5e-91ab-9c1148d6c0e6
;5.0;2006-01-19;11856801;4787f420-1a8d-39a3-b57b-d8c7bb11796b
;3.0;2006-01-19;9802463;4787f420-1a8d-39a3-b57b-d8c7bb11796b
;4.0;2006-01-19;12591506;4787f420-1a8d-39a3-b57b-d8c7bb11796b
;5.0;2006-01-19;9302006;48f742e7-d657-38bc-ad26-ff9e52e79073
;2.5;2006-01-19;900835412;6bacd7ec-76c9-3f40-b69a-cde708c3ac01
;4.0;2006-01-19;10745644;9ddacc49-1918-3722-b5d9-4a1fa6b9b2a3
;4.0;2006-01-19;9357759;9ddacc49-1918-3722-b5d9-4a1fa6b9b2a3
;3.0;2006-01-19;9184228;9ddacc49-1918-3722-b5d9-4a1fa6b9b2a3
;5.0;2006-01-19;7975442;9ddacc49-1918-3722-b5d9-4a1fa6b9b2a3
;4.0;2006-01-19;11090159;9ddacc49-1918-3722-b5d9-4a1fa6b9b2a3
;5.0;2006-01-19;8513544;9ddacc49-1918-3722-b5d9-4a1fa6b9b2a3
;5.0;2006-01-19;12591506;e517727b-63d5-3351-94e8-20c900fa0cca
;5.0;2006-01-19;7893151;f3b83be1-931e-3f5e-91ab-9c1148d6c0e6
;4.0;2006-01-19;10492302;f3b83be1-931e-3f5e-91ab-9c1148d6c0e6
;5.0;2006-01-19;9224161;f3b83be1-931e-3f5e-91ab-9c1148d6c0e6
;5.0;2006-01-20;12610963;4787f420-1a8d-39a3-b57b-d8c7bb11796b
;3.5;2006-01-20;12712253;4787f420-1a8d-39a3-b57b-d8c7bb11796b
;3.0;2006-01-20;85419;4787f420-1a8d-39a3-b57b-d8c7bb11796b
;5.0;2006-01-20;12738654;48f742e7-d657-38bc-ad26-ff9e52e79073
;4.0;2006-01-20;12712253;6bacd7ec-76c9-3f40-b69a-cde708c3ac01
;5.0;2006-01-20;714753;9ddacc49-1918-3722-b5d9-4a1fa6b9b2a3
;5.0;2006-01-20;9614983;9ddacc49-1918-3722-b5d9-4a1fa6b9b2a3
;5.0;2006-01-20;9067031;9ddacc49-1918-3722-b5d9-4a1fa6b9b2a3
;2.5;2006-01-20;12712253;e517727b-63d5-3351-94e8-20c900fa0cca
;5.0;2006-01-20;10023416;f3b83be1-931e-3f5e-91ab-9c1148d6c0e6
;5.0;2006-01-20;9067031;f3b83be1-931e-3f5e-91ab-9c1148d6c0e6
;5.0;2006-01-20;11383771;f3b83be1-931e-3f5e-91ab-9c1148d6c0e6
;5.0;2006-01-20;12689718;f3b83be1-931e-3f5e-91ab-9c1148d6c0e6
;4.0;2006-01-21;13196458;4787f420-1a8d-39a3-b57b-d8c7bb11796b
;5.0;2006-01-21;11275121;4787f420-1a8d-39a3-b57b-d8c7bb11796b
;5.0;2006-01-21;13098948;48f742e7-d657-38bc-ad26-ff9e52e79073
;5.0;2006-01-21;11095509;48f742e7-d657-38bc-ad26-ff9e52e79073
;5.0;2006-01-21;13667139;48f742e7-d657-38bc-ad26-ff9e52e79073
;5.0;2006-01-21;13667139;6bacd7ec-76c9-3f40-b69a-cde708c3ac01
;4.0;2006-01-21;13729408;9ddacc49-1918-3722-b5d9-4a1fa6b9b2a3
;2.5;2006-01-21;900660046;9ddacc49-1918-3722-b5d9-4a1fa6b9b2a3
;5.0;2006-01-21;13894275;e517727b-63d5-3351-94e8-20c900fa0cca
;5.0;2006-01-21;12243829;f3b83be1-931e-3f5e-91ab-9c1148d6c0e6
;4.5;2006-01-21;1758945;f3b83be1-931e-3f5e-91ab-9c1148d6c0e6
;5.0;2006-01-21;13477683;f3b83be1-931e-3f5e-91ab-9c1148d6c0e6
;4.0;2006-01-21;13272868;f3b83be1-931e-3f5e-91ab-9c1148d6c0e6
;5.0;2006-01-21;13729408;f3b83be1-931e-3f5e-91ab-9c1148d6c0e6
;5.0;2006-01-21;4558695;f3b83be1-931e-3f5e-91ab-9c1148d6c0e6
;3.0;2006-01-21;11095509;f3b83be1-931e-3f5e-91ab-9c1148d6c0e6
;5.0;2006-01-21;13894275;f3b83be1-931e-3f5e-91ab-9c1148d6c0e6
;2.0;2006-01-22;14677531;4787f420-1a8d-39a3-b57b-d8c7bb11796b
;5.0;2006-01-22;10063507;48f742e7-d657-38bc-ad26-ff9e52e79073
;5.0;2006-01-22;391527;6bacd7ec-76c9-3f40-b69a-cde708c3ac01
;5.0;2006-01-22;6002433;9ddacc49-1918-3722-b5d9-4a1fa6b9b2a3
;4.0;2006-01-22;8773074;9ddacc49-1918-3722-b5d9-4a1fa6b9b2a3
;5.0;2006-01-22;14824742;9ddacc49-1918-3722-b5d9-4a1fa6b9b2a3
;4.0;2006-01-22;391527;9ddacc49-1918-3722-b5d9-4a1fa6b9b2a3
;4.0;2006-01-22;14655064;9ddacc49-1918-3722-b5d9-4a1fa6b9b2a3
;5.0;2006-01-22;391527;e517727b-63d5-3351-94e8-20c900fa0cca
;4.5;2006-01-22;14448020;f3b83be1-931e-3f5e-91ab-9c1148d6c0e6
;4.0;2006-01-22;13229486;f3b83be1-931e-3f5e-91ab-9c1148d6c0e6
;5.0;2006-01-22;14447986;f3b83be1-931e-3f5e-91ab-9c1148d6c0e6
;5.0;2006-01-22;8147119;f3b83be1-931e-3f5e-91ab-9c1148d6c0e6
;4.0;2006-01-22;10857993;f3b83be1-931e-3f5e-91ab-9c1148d6c0e6
;5.0;2006-01-22;13602407;f3b83be1-931e-3f5e-91ab-9c1148d6c0e6
;5.0;2006-01-23;13059081;4787f420-1a8d-39a3-b57b-d8c7bb11796b
;4.0;2006-01-23;13059081;48f742e7-d657-38bc-ad26-ff9e52e79073
;4.0;2006-01-23;13059081;6bacd7ec-76c9-3f40-b69a-cde708c3ac01
;4.0;2006-01-23;14514703;6bacd7ec-76c9-3f40-b69a-cde708c3ac01
;3.0;2006-01-23;11078540;9ddacc49-1918-3722-b5d9-4a1fa6b9b2a3
;5.0;2006-01-23;8728580;f3b83be1-931e-3f5e-91ab-9c1148d6c0e6
;4.0;2006-01-23;13510873;f3b83be1-931e-3f5e-91ab-9c1148d6c0e6
;5.0;2006-01-23;15017413;f3b83be1-931e-3f5e-91ab-9c1148d6c0e6
;5.0;2006-01-23;13059081;f3b83be1-931e-3f5e-91ab-9c1148d6c0e6
;5.0;2006-01-23;14592708;f3b83be1-931e-3f5e-91ab-9c1148d6c0e6
;4.5;2006-01-23;13505067;f3b83be1-931e-3f5e-91ab-9c1148d6c0e6
;5.0;2006-01-24;8448438;48f742e7-d657-38bc-ad26-ff9e52e79073
;4.0;2006-01-24;8448438;6bacd7ec-76c9-3f40-b69a-cde708c3ac01
;5.0;2006-01-24;9086261;9ddacc49-1918-3722-b5d9-4a1fa6b9b2a3
;4.0;2006-01-24;10048127;e517727b-63d5-3351-94e8-20c900fa0cca
;3.0;2006-01-24;15679676;e517727b-63d5-3351-94e8-20c900fa0cca
;3.0;2006-01-24;11323452;e517727b-63d5-3351-94e8-20c900fa0cca
;4.0;2006-01-24;14440905;e517727b-63d5-3351-94e8-20c900fa0cca
;5.0;2006-01-24;9086261;f3b83be1-931e-3f5e-91ab-9c1148d6c0e6
;4.0;2006-01-24;10048127;f3b83be1-931e-3f5e-91ab-9c1148d6c0e6
;4.0;2006-01-24;15733243;f3b83be1-931e-3f5e-91ab-9c1148d6c0e6
;3.0;2006-01-24;15679676;f3b83be1-931e-3f5e-91ab-9c1148d6c0e6
;4.0;2006-01-24;11323452;f3b83be1-931e-3f5e-91ab-9c1148d6c0e6
;2.0;2006-01-25;16123488;4787f420-1a8d-39a3-b57b-d8c7bb11796b
;5.0;2006-01-25;16981468;9ddacc49-1918-3722-b5d9-4a1fa6b9b2a3
;5.0;2006-01-25;9760011;9ddacc49-1918-3722-b5d9-4a1fa6b9b2a3
;5.0;2006-01-25;10544771;9ddacc49-1918-3722-b5d9-4a1fa6b9b2a3
;5.0;2006-01-25;13375228;9ddacc49-1918-3722-b5d9-4a1fa6b9b2a3